state,county,2010_population,2015_population
Iowa,Adair,7682,7145
Kentucky,Adair,18656,19162
Missouri,Adair,25607,25353
Oklahoma,Adair,22683,22259
Colorado,Adams,441603,490443
Idaho,Adams,3976,3891
Illinois,Adams,67103,66835
Indiana,Adams,34387,34945
Iowa,Adams,4029,3754
Mississippi,Adams,32297,31561
Nebraska,Adams,31364,31567
North Dakota,Adams,2343,2397
Ohio,Adams,28550,27926
Pennsylvania,Adams,101407,101808
Washington,Adams,18728,19233
Wisconsin,Adams,20875,20028
New York,Albany,304204,307433
Wyoming,Albany,36299,37960
Illinois,Alexander,8238,6762
North Carolina,Alexander,37198,36960
Maryland,Allegany,75087,72462
New York,Allegany,48946,47334
North Carolina,Alleghany,11155,10856
Virginia,Alleghany,16250,15425
Indiana,Allen,355329,367362
Kansas,Allen,13371,12683
Kentucky,Allen,19956,20660
Louisiana,Allen,25764,25631
Ohio,Allen,106331,104095
Kansas,Anderson,8102,7816
Kentucky,Anderson,21421,21920
South Carolina,Anderson,187126,193700
Tennessee,Anderson,75129,75456
Texas,Anderson,58458,57639
Arkansas,Arkansas,19019,18330
Pennsylvania,Armstrong,68941,66860
Texas,Armstrong,1901,1901
Ohio,Ashland,53139,53310
Wisconsin,Ashland,16157,15804
Kansas,Atchison,16924,16418
Missouri,Atchison,5685,5295
Florida,Baker,27115,27355
Georgia,Baker,3451,3194
Oregon,Baker,16134,15882
Alabama,Baldwin,182265,202939
Georgia,Baldwin,45720,45549
Maryland,Baltimore,805029,827533
Maryland,Baltimore,620961,622522
Alabama,Barbour,27457,26283
West Virginia,Barbour,16589,16973
Michigan,Barry,59173,59426
Missouri,Barry,35597,35293
Kansas,Barton,27674,27159
Missouri,Barton,12402,11825
Kentucky,Bath,11591,12203
Virginia,Bath,4731,4460
Florida,Bay,168852,181488
Michigan,Bay,107771,105237
North Carolina,Beaufort,47759,47389
South Carolina,Beaufort,162233,179796
Oklahoma,Beaver,5636,5455
Pennsylvania,Beaver,170539,168241
Utah,Beaver,6629,6353
Pennsylvania,Bedford,49762,48748
Tennessee,Bedford,45058,46948
Virginia,Bedford,68676,77629
Kentucky,Bell,28691,27370
Texas,Bell,310235,336076
Arkansas,Benton,221339,251591
Indiana,Benton,8854,8693
Iowa,Benton,26076,25608
Minnesota,Benton,38451,39422
Mississippi,Benton,8729,8155
Missouri,Benton,19056,18791
Oregon,Benton,85579,88333
Tennessee,Benton,16489,16220
Washington,Benton,175177,190218
South Carolina,Berkeley,177843,203066
West Virginia,Berkeley,104169,111678
Georgia,Berrien,19286,18991
Michigan,Berrien,156813,155022
Alabama,Bibb,22915,22566
Georgia,Bibb,155547,153945
Montana,Big Horn,12865,13312
Wyoming,Big Horn,11668,11945
Idaho,Blaine,21376,21636
Montana,Blaine,6491,6680
Nebraska,Blaine,478,477
Oklahoma,Blaine,11943,9762
Alabama,Blount,57322,57526
Tennessee,Blount,123010,126954
Arkansas,Boone,36903,37119
Illinois,Boone,54165,53579
Indiana,Boone,56640,63033
Iowa,Boone,26306,26443
Kentucky,Boone,118811,128161
Missouri,Boone,162642,174404
Nebraska,Boone,5505,5310
West Virginia,Boone,24629,23252
Kansas,Bourbon,15173,14733
Kentucky,Bourbon,19985,20166
Kentucky,Boyd,49542,48471
Nebraska,Boyd,2099,2002
Florida,Bradford,28520,26748
Pennsylvania,Bradford,62622,61644
Arkansas,Bradley,11508,10999
Tennessee,Bradley,98963,103774
Massachusetts,Bristol,548285,556863
Rhode Island,Bristol,49875,49127
Georgia,Brooks,16243,15670
Texas,Brooks,7223,7190
Illinois,Brown,6937,6753
Indiana,Brown,15242,14994
Kansas,Brown,9984,9708
Minnesota,Brown,25893,25240
Nebraska,Brown,3145,2982
Ohio,Brown,44846,43697
South Dakota,Brown,36531,38400
Texas,Brown,38106,37736
Wisconsin,Brown,248007,257856
North Carolina,Brunswick,107431,122211
Virginia,Brunswick,17434,16845
Georgia,Bryan,30233,34792
Oklahoma,Bryan,42416,45021
Iowa,Buchanan,20958,21105
Missouri,Buchanan,89201,89082
Virginia,Buchanan,24098,22752
Iowa,Buena Vista,20260,20374
Virginia,Buena Vista,6650,6529
Nebraska,Buffalo,46102,48578
South Dakota,Buffalo,1912,2098
Wisconsin,Buffalo,13587,13245
Georgia,Burke,23316,22632
North Carolina,Burke,90912,89341
North Dakota,Burke,1968,2344
Alabama,Butler,20947,20162
Iowa,Butler,14867,14881
Kansas,Butler,65880,66249
Kentucky,Butler,12690,12734
Missouri,Butler,42794,42829
Nebraska,Butler,8395,8058
Ohio,Butler,368130,375998
Pennsylvania,Butler,183862,185936
California,Butte,220000,224631
Idaho,Butte,2891,2566
South Dakota,Butte,10110,10207
Louisiana,Caddo,254969,251345
Oklahoma,Caddo,29600,29433
Kentucky,Caldwell,12984,12748
Louisiana,Caldwell,10132,10045
Missouri,Caldwell,9424,9002
North Carolina,Caldwell,83029,81518
Texas,Caldwell,38066,40419
Alabama,Calhoun,118572,115469
Arkansas,Calhoun,5368,5200
Florida,Calhoun,14625,14406
Georgia,Calhoun,6694,6534
Illinois,Calhoun,5089,4860
Iowa,Calhoun,9670,9801
Michigan,Calhoun,136146,134327
Mississippi,Calhoun,14962,14639
South Carolina,Calhoun,15175,14759
Texas,Calhoun,21381,21887
West Virginia,Calhoun,7627,7463
Georgia,Camden,50513,52439
Missouri,Camden,44002,44735
New Jersey,Camden,513657,507638
North Carolina,Camden,9980,10282
Louisiana,Cameron,6839,6825
Pennsylvania,Cameron,5085,4776
Texas,Cameron,406220,419450
Kentucky,Campbell,90336,92124
South Dakota,Campbell,1466,1413
Tennessee,Campbell,40716,39772
Virginia,Campbell,54842,55356
Wyoming,Campbell,46133,49258
Montana,Carbon,10078,10403
Pennsylvania,Carbon,65249,63753
Utah,Carbon,21403,20391
Wyoming,Carbon,15885,15613
Maryland,Caroline,33066,32595
Virginia,Caroline,28545,29900
Arkansas,Carroll,27446,27755
Georgia,Carroll,110527,114461
Illinois,Carroll,15387,14642
Indiana,Carroll,20155,19887
Iowa,Carroll,20816,20423
Kentucky,Carroll,10811,10682
Maryland,Carroll,167134,167132
Mississippi,Carroll,10597,10203
Missouri,Carroll,9295,8879
New Hampshire,Carroll,47818,47399
Ohio,Carroll,28836,27718
Tennessee,Carroll,28522,27982
Virginia,Carroll,30042,29870
Kentucky,Carter,27720,27439
Missouri,Carter,6265,6280
Montana,Carter,1160,1147
Oklahoma,Carter,47557,48568
Tennessee,Carter,57424,56375
Illinois,Cass,13642,12843
Indiana,Cass,38966,38081
Iowa,Cass,13956,13351
Michigan,Cass,52293,51342
Minnesota,Cass,28567,28698
Missouri,Cass,99478,101339
Nebraska,Cass,25241,25421
North Dakota,Cass,149778,170722
Texas,Cass,30464,30140
Iowa,Cedar,18499,18254
Missouri,Cedar,13982,13782
Nebraska,Cedar,8852,8518
Alabama,Chambers,34215,33996
Texas,Chambers,35096,39028
Illinois,Champaign,201081,209382
Ohio,Champaign,40097,38963
Florida,Charlotte,159978,172382
Virginia,Charlotte,12586,12179
Kansas,Chase,2790,2656
Nebraska,Chase,3966,3963
Georgia,Chatham,265128,285959
North Carolina,Chatham,63505,68263
Kansas,Chautauqua,3669,3387
New York,Chautauqua,134905,130529
Alabama,Cherokee,25989,25732
Georgia,Cherokee,214346,235329
Iowa,Cherokee,12072,11483
Kansas,Cherokee,21603,20535
North Carolina,Cherokee,27444,27102
Oklahoma,Cherokee,46987,48376
South Carolina,Cherokee,55342,56512
Texas,Cherokee,50845,51568
Pennsylvania,Chester,498886,515055
South Carolina,Chester,33140,32410
Tennessee,Chester,17131,17123
South Carolina,Chesterfield,46734,46135
Virginia,Chesterfield,316236,334915
Colorado,Cheyenne,1836,1827
Kansas,Cheyenne,2726,2674
Nebraska,Cheyenne,9998,10137
Iowa,Chickasaw,12439,12151
Mississippi,Chickasaw,17392,17395
Michigan,Chippewa,38520,37973
Minnesota,Chippewa,12441,12084
Wisconsin,Chippewa,62415,63421
Alabama,Choctaw,13859,13231
Mississippi,Choctaw,8547,8372
Oklahoma,Choctaw,15205,14984
Illinois,Christian,34800,33463
Kentucky,Christian,73955,73075
Missouri,Christian,77422,83077
Louisiana,Claiborne,17195,16261
Mississippi,Claiborne,9604,9209
Tennessee,Claiborne,32213,31555
Arkansas,Clark,22995,22513
Idaho,Clark,982,886
Illinois,Clark,16335,15868
Indiana,Clark,110232,114819
Kansas,Clark,2215,2081
Kentucky,Clark,35613,35660
Missouri,Clark,7139,6808
Nevada,Clark,1951269,2096717
Ohio,Clark,138333,135746
South Dakota,Clark,3691,3649
Washington,Clark,425363,456939
Wisconsin,Clark,34690,34358
Alabama,Clarke,25833,24698
Georgia,Clarke,116714,123561
Iowa,Clarke,9286,9219
Mississippi,Clarke,16732,16022
Virginia,Clarke,14034,14239
Alabama,Clay,13932,13415
Arkansas,Clay,16083,15206
Florida,Clay,190865,202392
Georgia,Clay,3183,3077
Illinois,Clay,13815,13401
Indiana,Clay,26890,26395
Iowa,Clay,16667,16498
Kansas,Clay,8535,8293
Kentucky,Clay,21730,20974
Minnesota,Clay,58999,62169
Mississippi,Clay,20634,20005
Missouri,Clay,221939,235161
Nebraska,Clay,6542,6291
North Carolina,Clay,10587,10623
South Dakota,Clay,13864,13768
Tennessee,Clay,7861,7663
Texas,Clay,10752,10359
West Virginia,Clay,9386,8875
Georgia,Clayton,259424,272720
Iowa,Clayton,18129,17726
Idaho,Clearwater,8761,8554
Minnesota,Clearwater,8695,8797
Alabama,Cleburne,14972,14914
Arkansas,Cleburne,25970,25355
Arkansas,Cleveland,8689,8284
North Carolina,Cleveland,98078,96850
Oklahoma,Cleveland,255755,273841
Illinois,Clinton,37762,37665
Indiana,Clinton,33224,32373
Iowa,Clinton,49116,47558
Kentucky,Clinton,10272,10183
Michigan,Clinton,75382,77009
Missouri,Clinton,20743,20581
New York,Clinton,82128,80718
Ohio,Clinton,42040,41839
Pennsylvania,Clinton,39238,39400
Alabama,Coffee,49948,50963
Georgia,Coffee,42356,42987
Tennessee,Coffee,52796,54093
Nebraska,Colfax,10515,10717
New Mexico,Colfax,13750,12429
Texas,Colorado,20874,20951
Arkansas,Columbia,24552,24115
Florida,Columbia,67531,68222
Georgia,Columbia,124053,143837
New York,Columbia,63096,61434
Oregon,Columbia,49351,49646
Pennsylvania,Columbia,67295,66681
Washington,Columbia,4078,3960
Wisconsin,Columbia,56833,56682
Kansas,Comanche,1891,1827
Oklahoma,Comanche,124098,124005
Texas,Comanche,13974,13395
Georgia,Cook,17212,17070
Illinois,Cook,5194675,5244088
Minnesota,Cook,5176,5245
New Hampshire,Coos,33055,32343
Oregon,Coos,63043,62643
Alabama,Covington,37765,37556
Mississippi,Covington,19568,19243
Oklahoma,Craig,15029,14709
Virginia,Craig,5190,5136
Arkansas,Crawford,61948,61904
Georgia,Crawford,12630,12354
Illinois,Crawford,19817,19255
Indiana,Crawford,10713,10555
Iowa,Crawford,17096,17082
Kansas,Crawford,39134,39139
Michigan,Crawford,14074,13853
Missouri,Crawford,24696,24511
Ohio,Crawford,43784,42324
Pennsylvania,Crawford,88765,86510
Wisconsin,Crawford,16644,16328
Arkansas,Crittenden,50902,49019
Kentucky,Crittenden,9315,9168
Tennessee,Crockett,14586,14586
Texas,Crockett,3719,3735
Oregon,Crook,20978,21455
Wyoming,Crook,7083,7435
Illinois,Cumberland,11048,10860
Kentucky,Cumberland,6856,6737
Maine,Cumberland,281674,289488
New Jersey,Cumberland,156898,154712
North Carolina,Cumberland,319431,331203
Pennsylvania,Cumberland,235406,245744
Tennessee,Cumberland,56053,58217
Virginia,Cumberland,10052,9756
New Mexico,Curry,48376,50290
Oregon,Curry,22364,22293
Colorado,Custer,4255,4434
Idaho,Custer,4368,4059
Montana,Custer,11699,12083
Nebraska,Custer,10939,10828
Oklahoma,Custer,27469,29565
South Dakota,Custer,8216,8444
Georgia,Dade,16633,16162
Missouri,Dade,7883,7574
Minnesota,Dakota,398552,414131
Nebraska,Dakota,21006,20550
Alabama,Dallas,43820,40936
Arkansas,Dallas,8116,7530
Iowa,Dallas,66135,80631
Missouri,Dallas,16777,16344
Texas,Dallas,2368139,2557830
North Carolina,Davidson,162878,163486
Tennessee,Davidson,626681,679793
Indiana,Daviess,31648,32823
Kentucky,Daviess,96656,99485
Missouri,Daviess,8433,8283
Iowa,Davis,8753,8777
Utah,Davis,306479,334597
Georgia,Dawson,22330,23369
Montana,Dawson,8966,9577
Nebraska,Dawson,24326,23892
Texas,Dawson,13833,12987
Georgia,Decatur,27842,27049
Indiana,Decatur,25740,26339
Iowa,Decatur,8457,8137
Kansas,Decatur,2961,2923
Tennessee,Decatur,11757,11600
Alabama,DeKalb,71109,71087
Georgia,DeKalb,691893,734434
Illinois,DeKalb,105160,104195
Indiana,DeKalb,42223,42496
Missouri,DeKalb,12892,12540
Tennessee,DeKalb,18723,19292
Indiana,Delaware,117671,115767
Iowa,Delaware,17764,17393
New York,Delaware,47980,45891
Ohio,Delaware,174214,193391
Oklahoma,Delaware,41487,41704
Pennsylvania,Delaware,558979,563225
Colorado,Delta,30952,29913
Michigan,Delta,37069,36415
Texas,Delta,5231,5159
Florida,DeSoto,34862,35648
Mississippi,DeSoto,161252,173271
Nebraska,Deuel,1941,1910
South Dakota,Deuel,4364,4323
Oklahoma,Dewey,4810,4984
South Dakota,Dewey,5301,5705
Iowa,Dickinson,16667,17004
Kansas,Dickinson,19754,19206
Michigan,Dickinson,26168,25661
Georgia,Dodge,21796,21142
Minnesota,Dodge,20087,20410
Nebraska,Dodge,36691,36567
Wisconsin,Dodge,88759,87816
Maryland,Dorchester,32618,32419
South Carolina,Dorchester,136555,152809
Colorado,Douglas,285465,322025
Georgia,Douglas,132403,140173
Illinois,Douglas,19980,19835
Kansas,Douglas,110826,118141
Minnesota,Douglas,36009,36790
Missouri,Douglas,13684,13356
Nebraska,Douglas,517110,549029
Nevada,Douglas,46997,47404
Oregon,Douglas,107667,107164
South Dakota,Douglas,3002,2952
Washington,Douglas,38431,40545
Wisconsin,Douglas,44159,43495
North Dakota,Dunn,3536,4578
Wisconsin,Dunn,43857,44267
Florida,Duval,864263,910578
Texas,Duval,11782,11336
New Mexico,Eddy,53829,57715
North Dakota,Eddy,2385,2305
Illinois,Edwards,6721,6511
Kansas,Edwards,3037,2955
Texas,Edwards,2002,1910
Georgia,Effingham,52250,57076
Illinois,Effingham,34242,34202
Colorado,El Paso,622263,674001
Texas,El Paso,800647,831898
Colorado,Elbert,23086,24630
Georgia,Elbert,20166,19302
Kansas,Elk,2882,2574
Pennsylvania,Elk,31946,30897
Kansas,Ellis,28452,28999
Oklahoma,Ellis,4151,4223
Texas,Ellis,149610,163292
Alabama,Elmore,79303,80872
Idaho,Elmore,27038,25826
Iowa,Emmet,10302,9702
Michigan,Emmet,32694,32924
New York,Erie,919040,920644
Ohio,Erie,77079,75360
Pennsylvania,Erie,280566,278174
Alabama,Escambia,38319,37661
Florida,Escambia,297619,309311
Massachusetts,Essex,743159,776865
New Jersey,Essex,783969,790439
New York,Essex,39370,37965
Vermont,Essex,6306,6193
Virginia,Essex,11151,11096
Connecticut,Fairfield,916829,944943
Ohio,Fairfield,146156,151254
South Carolina,Fairfield,23956,22874
Georgia,Fannin,23682,24442
Texas,Fannin,33915,33502
Alabama,Fayette,17241,16696
Georgia,Fayette,106567,110141
Illinois,Fayette,22140,22036
Indiana,Fayette,24277,23388
Iowa,Fayette,20880,20142
Kentucky,Fayette,295803,315819
Ohio,Fayette,29030,28611
Pennsylvania,Fayette,136606,133252
Tennessee,Fayette,38413,39280
Texas,Fayette,24554,24945
West Virginia,Fayette,46039,44707
Minnesota,Fillmore,20866,20739
Nebraska,Fillmore,5890,5553
South Carolina,Florence,136885,138715
Wisconsin,Florence,4423,4338
Georgia,Floyd,96317,96186
Indiana,Floyd,74578,76505
Iowa,Floyd,16303,15910
Kentucky,Floyd,39451,37531
Texas,Floyd,6446,5843
Virginia,Floyd,15279,15548
Illinois,Ford,14081,13529
Kansas,Ford,33848,34629
Pennsylvania,Forest,7716,7381
Wisconsin,Forest,9304,9004
Georgia,Forsyth,175511,211250
North Carolina,Forsyth,350670,367365
Alabama,Franklin,31704,31515
Arkansas,Franklin,18125,17749
Florida,Franklin,11549,11707
Georgia,Franklin,22084,22267
Idaho,Franklin,12786,12955
Illinois,Franklin,39561,39383
Indiana,Franklin,23087,22940
Iowa,Franklin,10680,10319
Kansas,Franklin,25992,25469
Kentucky,Franklin,49285,50070
Louisiana,Franklin,20767,20386
Maine,Franklin,30768,30017
Massachusetts,Franklin,71372,70866
Mississippi,Franklin,8118,7729
Missouri,Franklin,101492,102251
Nebraska,Franklin,3225,2977
New York,Franklin,51599,50540
North Carolina,Franklin,60619,63668
Ohio,Franklin,1163414,1257386
Pennsylvania,Franklin,149618,153048
Tennessee,Franklin,41052,41343
Texas,Franklin,10605,10603
Vermont,Franklin,47746,48988
Virginia,Franklin,56159,56227
Washington,Franklin,78163,88727
Maryland,Frederick,233385,245001
Virginia,Frederick,78305,83493
Colorado,Fremont,46824,46282
Idaho,Fremont,13242,12812
Iowa,Fremont,7441,6912
Wyoming,Fremont,40123,40219
Arkansas,Fulton,12245,12138
Georgia,Fulton,920581,1005127
Illinois,Fulton,37069,35713
Indiana,Fulton,20836,20340
Kentucky,Fulton,6813,6266
New York,Fulton,55531,53801
Ohio,Fulton,42698,42301
Pennsylvania,Fulton,14845,14509
Illinois,Gallatin,5589,5221
Kentucky,Gallatin,8589,8613
Montana,Gallatin,89513,100882
Colorado,Garfield,56389,57698
Montana,Garfield,1206,1284
Nebraska,Garfield,2049,2014
Oklahoma,Garfield,60580,63248
Utah,Garfield,5172,4962
Washington,Garfield,2266,2222
Michigan,Genesee,425790,410461
New York,Genesee,60079,58462
Indiana,Gibson,33503,33644
Tennessee,Gibson,49683,49329
Tennessee,Giles,29485,28973
Virginia,Giles,17286,16762
Georgia,Gilmer,28292,29514
West Virginia,Gilmer,8693,8306
New Jersey,Gloucester,288288,290943
Virginia,Gloucester,36858,37010
Montana,Golden Valley,884,818
North Dakota,Golden Valley,1680,1879
Georgia,Grady,25011,25089
Oklahoma,Grady,52431,54559
Arizona,Graham,37220,37860
Kansas,Graham,2597,2591
North Carolina,Graham,8861,8588
Colorado,Grand,14843,14726
Utah,Grand,9225,9551
Arkansas,Grant,17853,18016
Indiana,Grant,70061,67479
Kansas,Grant,7829,7724
Kentucky,Grant,24662,24736
Louisiana,Grant,22309,22302
Minnesota,Grant,6018,5867
Nebraska,Grant,614,646
New Mexico,Grant,29514,28364
North Dakota,Grant,2394,2396
Oklahoma,Grant,4527,4500
Oregon,Grant,7445,7207
South Dakota,Grant,7356,7218
Washington,Grant,89120,93527
West Virginia,Grant,11937,11651
Wisconsin,Grant,51208,52071
Kansas,Gray,6006,6082
Texas,Gray,22535,23265
Kentucky,Grayson,25746,26138
Texas,Grayson,120877,125628
Virginia,Grayson,15533,15959
Kansas,Greeley,1247,1302
Nebraska,Greeley,2538,2435
Kentucky,Green,11258,10951
Wisconsin,Green,36842,36931
Alabama,Greene,9045,8508
Arkansas,Greene,42090,44300
Georgia,Greene,15994,16617
Illinois,Greene,13886,13345
Indiana,Greene,33165,32416
Iowa,Greene,9336,8944
Mississippi,Greene,14400,13549
Missouri,Greene,275174,287312
New York,Greene,49221,47616
North Carolina,Greene,21362,20950
Ohio,Greene,161573,164272
Pennsylvania,Greene,38686,37402
Tennessee,Greene,68831,68586
Virginia,Greene,18403,19183
Kansas,Greenwood,6689,6233
South Carolina,Greenwood,69661,69962
Illinois,Grundy,50063,50363
Iowa,Grundy,12453,12405
Missouri,Grundy,10261,10031
Tennessee,Grundy,13703,13337
New Mexico,Guadalupe,4687,4350
Texas,Guadalupe,131533,150578
Alabama,Hale,15760,15015
Texas,Hale,36273,34034
North Carolina,Halifax,54691,52182
Virginia,Halifax,36241,35103
Georgia,Hall,179684,192245
Nebraska,Hall,58607,61132
Texas,Hall,3353,3094
Florida,Hamilton,14799,14272
Illinois,Hamilton,8457,8248
Indiana,Hamilton,274569,308428
Iowa,Hamilton,15673,15218
Kansas,Hamilton,2690,2568
Nebraska,Hamilton,9124,9141
New York,Hamilton,4836,4699
Ohio,Hamilton,802374,809527
Tennessee,Hamilton,336463,353690
Texas,Hamilton,8517,8080
Massachusetts,Hampshire,158080,160709
West Virginia,Hampshire,23964,23311
Georgia,Hancock,9429,8578
Illinois,Hancock,19104,18216
Indiana,Hancock,70002,72413
Iowa,Hancock,11341,11028
Kentucky,Hancock,8565,8641
Maine,Hancock,54418,54237
Mississippi,Hancock,43929,46305
Ohio,Hancock,74782,75678
Tennessee,Hancock,6819,6577
West Virginia,Hancock,30676,29980
Tennessee,Hardeman,27253,25817
Texas,Hardeman,4139,3920
Illinois,Hardin,4320,4067
Iowa,Hardin,17534,17253
Kentucky,Hardin,105543,106272
Ohio,Hardin,32058,31616
Tennessee,Hardin,26026,25754
Texas,Hardin,54635,55758
New Mexico,Harding,695,719
South Dakota,Harding,1255,1270
Kentucky,Harlan,29278,27506
Nebraska,Harlan,3423,3441
Kansas,Harper,6034,5781
Oklahoma,Harper,3685,3826
Georgia,Harris,32024,33155
Texas,Harris,4092459,4557846
Indiana,Harrison,39364,39532
Iowa,Harrison,14928,14139
Kentucky,Harrison,18846,18641
Mississippi,Harrison,187105,200674
Missouri,Harrison,8957,8622
Ohio,Harrison,15864,15395
Texas,Harrison,65631,66685
West Virginia,Harrison,69099,68535
Georgia,Hart,25213,25410
Kentucky,Hart,18199,18421
Kansas,Haskell,4256,4089
Oklahoma,Haskell,12769,12750
Texas,Haskell,5899,5821
Hawaii,Hawaii,185079,195975
North Carolina,Haywood,59036,59646
Tennessee,Haywood,18787,18036
Illinois,Henderson,7331,6997
Kentucky,Henderson,46250,46344
North Carolina,Henderson,106740,111847
Tennessee,Henderson,27769,28078
Texas,Henderson,78532,79492
Alabama,Henry,17302,17101
Georgia,Henry,203922,216414
Illinois,Henry,50486,49638
Indiana,Henry,49462,48655
Iowa,Henry,20145,19843
Kentucky,Henry,15416,15563
Missouri,Henry,22272,21725
Ohio,Henry,28215,27481
Tennessee,Henry,32330,32127
Virginia,Henry,54151,51940
Kentucky,Hickman,4902,4612
Tennessee,Hickman,24690,24373
New Mexico,Hidalgo,4894,4436
Texas,Hidalgo,774769,839667
Ohio,Highland,43589,42960
Virginia,Highland,2321,2196
Montana,Hill,16096,16438
Texas,Hill,35089,34828
Florida,Hillsborough,1229226,1364073
New Hampshire,Hillsborough,400721,408985
Florida,Holmes,19927,19273
Mississippi,Holmes,19198,18367
Ohio,Holmes,42366,43882
Missouri,Holt,4912,4483
Nebraska,Holt,10435,10263
Kentucky,Hopkins,46920,46055
Texas,Hopkins,35161,35973
Alabama,Houston,101547,104260
Georgia,Houston,139900,149323
Minnesota,Houston,19027,18686
Tennessee,Houston,8426,8124
Texas,Houston,23732,22747
Arkansas,Howard,13789,13336
Indiana,Howard,82752,82338
Iowa,Howard,9566,9313
Maryland,Howard,287085,311297
Missouri,Howard,10144,10134
Nebraska,Howard,6274,6382
Texas,Howard,35012,37123
Oklahoma,Hughes,14003,13592
South Dakota,Hughes,17022,17555
California,Humboldt,134623,135102
Iowa,Humboldt,9815,9556
Nevada,Humboldt,16528,17017
Mississippi,Humphreys,9375,8705
Tennessee,Humphreys,18538,18157
Michigan,Huron,33118,31763
Ohio,Huron,59626,58307
South Dakota,Hutchinson,7343,7267
Texas,Hutchinson,22150,21793
North Carolina,Hyde,5810,5426
South Dakota,Hyde,1420,1386
Idaho,Idaho,16267,16301
Pennsylvania,Indiana,88880,86747
Iowa,Iowa,16355,16282
Wisconsin,Iowa,23687,23585
Michigan,Iron,11817,11320
Missouri,Iron,10630,10203
Utah,Iron,46163,48113
Wisconsin,Iron,5916,5727
Alabama,Jackson,53227,52195
Arkansas,Jackson,17997,17365
Colorado,Jackson,1394,1353
Florida,Jackson,49746,48609
Georgia,Jackson,60485,63418
Illinois,Jackson,60218,59214
Indiana,Jackson,42376,43875
Iowa,Jackson,19848,19366
Kansas,Jackson,13462,13285
Kentucky,Jackson,13494,13325
Louisiana,Jackson,16274,15947
Michigan,Jackson,160248,159264
Minnesota,Jackson,10266,10096
Mississippi,Jackson,139668,141354
Missouri,Jackson,674158,686783
North Carolina,Jackson,40271,41305
Ohio,Jackson,33225,32559
Oklahoma,Jackson,26446,25459
Oregon,Jackson,203206,211403
South Dakota,Jackson,3031,3278
Tennessee,Jackson,11638,11534
Texas,Jackson,14075,14808
West Virginia,Jackson,29211,29170
Wisconsin,Jackson,20449,20524
Georgia,Jasper,13900,13683
Illinois,Jasper,9698,9630
Indiana,Jasper,33478,33478
Iowa,Jasper,36842,36750
Mississippi,Jasper,17062,16554
Missouri,Jasper,117404,118548
South Carolina,Jasper,24777,27460
Texas,Jasper,35710,35266
Georgia,Jeff Davis,15068,15013
Texas,Jeff Davis,2342,2199
Alabama,Jefferson,658466,660455
Arkansas,Jefferson,77435,71872
Colorado,Jefferson,534543,564888
Florida,Jefferson,14761,14115
Georgia,Jefferson,16930,15917
Idaho,Jefferson,26140,27127
Illinois,Jefferson,38827,38272
Indiana,Jefferson,32428,32297
Iowa,Jefferson,16843,17906
Kansas,Jefferson,19126,18794
Kentucky,Jefferson,741096,764946
Louisiana,Jefferson,432552,435175
Mississippi,Jefferson,7726,7503
Missouri,Jefferson,218733,223116
Montana,Jefferson,11406,11572
Nebraska,Jefferson,7547,7221
New York,Jefferson,116229,116371
Ohio,Jefferson,69709,67495
Oklahoma,Jefferson,6472,6266
Oregon,Jefferson,21720,22541
Pennsylvania,Jefferson,45200,44344
Tennessee,Jefferson,51407,53011
Texas,Jefferson,252273,255112
Washington,Jefferson,29872,30339
West Virginia,Jefferson,53498,56070
Wisconsin,Jefferson,83686,84488
Louisiana,Jefferson Davis,31594,31431
Mississippi,Jefferson Davis,12487,11632
Arkansas,Johnson,25540,26094
Georgia,Johnson,9980,9708
Illinois,Johnson,12582,12777
Indiana,Johnson,139654,148962
Iowa,Johnson,130882,144943
Kansas,Johnson,544179,579684
Kentucky,Johnson,23356,23128
Missouri,Johnson,52595,53496
Nebraska,Johnson,5217,5239
Tennessee,Johnson,18244,17842
Texas,Johnson,150934,159345
Wyoming,Johnson,8569,8611
North Carolina,Johnston,168878,185104
Oklahoma,Johnston,10957,10967
Georgia,Jones,28669,28441
Iowa,Jones,20638,20433
Mississippi,Jones,67761,68629
North Carolina,Jones,10153,9777
South Dakota,Jones,1006,917
Texas,Jones,20202,19966
Alaska,Juneau,31275,32615
Wisconsin,Juneau,26664,26307
Illinois,Kane,515269,528760
Utah,Kane,7125,7039
Illinois,Kendall,114736,122878
Texas,Kendall,33410,39938
Delaware,Kent,162310,173128
Maryland,Kent,20197,19715
Michigan,Kent,602622,637164
Rhode Island,Kent,166158,163747
Texas,Kent,808,747
Texas,King,286,282
Washington,King,1931249,2126178
California,Kings,152982,150085
New York,Kings,2504700,2608794
Colorado,Kiowa,1398,1384
Kansas,Kiowa,2553,2570
Oklahoma,Kiowa,9446,9116
Illinois,Knox,52919,51370
Indiana,Knox,38440,37760
Kentucky,Knox,31883,31465
Maine,Knox,39736,39786
Missouri,Knox,4131,3907
Nebraska,Knox,8701,8468
Ohio,Knox,60921,61001
Tennessee,Knox,432226,451297
Texas,Knox,3719,3792
Arkansas,Lafayette,7645,7010
Florida,Lafayette,8870,8724
Louisiana,Lafayette,221578,239332
Mississippi,Lafayette,47351,52736
Missouri,Lafayette,33381,32624
Wisconsin,Lafayette,16836,16791
California,Lake,64665,64260
Colorado,Lake,7310,7442
Florida,Lake,297052,325154
Illinois,Lake,703462,704611
Indiana,Lake,496005,487908
Michigan,Lake,11539,11697
Minnesota,Lake,10866,10541
Montana,Lake,28746,29457
Ohio,Lake,230041,229836
Oregon,Lake,7895,7779
South Dakota,Lake,11200,12334
Tennessee,Lake,7832,7602
Alabama,Lamar,14564,13927
Georgia,Lamar,18317,18236
Mississippi,Lamar,55658,60966
Texas,Lamar,49793,49373
Nebraska,Lancaster,285407,306096
Pennsylvania,Lancaster,519445,535811
South Carolina,Lancaster,76652,86261
Virginia,Lancaster,11391,10825
Kansas,Lane,1750,1630
Oregon,Lane,351715,361946
Illinois,LaSalle,113924,111019
Louisiana,LaSalle,14890,14979
Alabama,Lauderdale,92709,92459
Mississippi,Lauderdale,80261,78348
Tennessee,Lauderdale,27815,26903
Georgia,Laurens,48434,47486
South Carolina,Laurens,66537,66421
Alabama,Lawrence,34339,33135
Arkansas,Lawrence,17415,16696
Illinois,Lawrence,16833,16465
Indiana,Lawrence,46134,45568
Kentucky,Lawrence,15860,15861
Mississippi,Lawrence,12929,12691
Missouri,Lawrence,38634,37981
Ohio,Lawrence,62450,60923
Pennsylvania,Lawrence,91108,88122
South Dakota,Lawrence,24097,24827
Tennessee,Lawrence,41869,42592
Alabama,Lee,140247,156954
Arkansas,Lee,10424,9672
Florida,Lee,618754,699644
Georgia,Lee,28298,29173
Illinois,Lee,36031,34521
Iowa,Lee,35862,34894
Kentucky,Lee,7887,6746
Mississippi,Lee,82910,84740
North Carolina,Lee,57866,59371
South Carolina,Lee,19220,17809
Texas,Lee,16612,16868
Virginia,Lee,25587,24595
Florida,Leon,275487,285904
Texas,Leon,16801,17028
Idaho,Lewis,3821,3791
Kentucky,Lewis,13870,13663
Missouri,Lewis,10211,10138
New York,Lewis,27087,26827
Tennessee,Lewis,12161,11875
Washington,Lewis,75455,75437
West Virginia,Lewis,16372,16440
Florida,Liberty,8365,8409
Georgia,Liberty,63453,61611
Montana,Liberty,2339,2391
Texas,Liberty,75643,79537
Alabama,Limestone,82782,91565
Texas,Limestone,23384,23442
Arkansas,Lincoln,14134,13866
Colorado,Lincoln,5467,5543
Georgia,Lincoln,7996,7722
Idaho,Lincoln,5208,5307
Kansas,Lincoln,3241,3142
Kentucky,Lincoln,24742,24342
Louisiana,Lincoln,46735,47434
Maine,Lincoln,34457,33784
Minnesota,Lincoln,5896,5710
Mississippi,Lincoln,34869,34522
Missouri,Lincoln,52566,54567
Montana,Lincoln,19687,19060
Nebraska,Lincoln,36288,35501
Nevada,Lincoln,5345,5136
New Mexico,Lincoln,20497,19352
North Carolina,Lincoln,78265,80607
Oklahoma,Lincoln,34273,34928
Oregon,Lincoln,46034,46999
South Dakota,Lincoln,44828,52959
Tennessee,Lincoln,33361,33609
Washington,Lincoln,10570,10285
West Virginia,Lincoln,21720,21279
Wisconsin,Lincoln,28743,27867
Wyoming,Lincoln,18106,18747
Iowa,Linn,211226,220271
Kansas,Linn,9656,9580
Missouri,Linn,12761,12293
Oregon,Linn,116672,120236
Illinois,Livingston,38950,36605
Kentucky,Livingston,9519,9289
Louisiana,Livingston,128026,137116
Michigan,Livingston,180967,187171
Missouri,Livingston,15195,14938
New York,Livingston,65393,64344
Arkansas,Logan,22353,21729
Colorado,Logan,22709,22472
Illinois,Logan,30305,29284
Kansas,Logan,2756,2787
Kentucky,Logan,26835,26746
Nebraska,Logan,763,791
North Dakota,Logan,1990,1927
Ohio,Logan,45858,45250
Oklahoma,Logan,41848,45346
West Virginia,Logan,36743,34441
Iowa,Louisa,11387,11285
Virginia,Louisa,33153,34611
Alabama,Lowndes,11299,10350
Georgia,Lowndes,109233,113342
Mississippi,Lowndes,59779,59697
Iowa,Lucas,8898,8610
Ohio,Lucas,441815,433633
Iowa,Lyon,11581,11747
Kansas,Lyon,33690,33133
Kentucky,Lyon,8314,8474
Minnesota,Lyon,25857,25826
Nevada,Lyon,51980,51974
Alabama,Macon,21452,19296
Georgia,Macon,14740,13688
Illinois,Macon,110768,107343
Missouri,Macon,15566,15284
North Carolina,Macon,33922,34090
Tennessee,Macon,22248,23076
Alabama,Madison,334811,352977
Arkansas,Madison,15717,15705
Florida,Madison,19224,18478
Georgia,Madison,28120,28419
Idaho,Madison,37536,37989
Illinois,Madison,269282,265996
Indiana,Madison,131636,129388
Iowa,Madison,15679,15720
Kentucky,Madison,82916,88212
Louisiana,Madison,12093,11554
Mississippi,Madison,95203,102453
Missouri,Madison,12226,12178
Montana,Madison,7691,8026
Nebraska,Madison,34876,34999
New York,Madison,73442,71636
North Carolina,Madison,20764,21146
Ohio,Madison,43435,44139
Tennessee,Madison,98294,97569
Texas,Madison,13664,13968
Virginia,Madison,13308,13047
Alabama,Marion,30776,30119
Arkansas,Marion,16653,16215
Florida,Marion,331298,342182
Georgia,Marion,8742,8558
Illinois,Marion,39437,38359
Indiana,Marion,903393,939843
Iowa,Marion,33309,33109
Kansas,Marion,12660,12053
Kentucky,Marion,19820,19212
Mississippi,Marion,27088,25412
Missouri,Marion,28781,28697
Ohio,Marion,66501,65431
Oregon,Marion,315335,329060
South Carolina,Marion,33062,31770
Tennessee,Marion,28237,28397
Texas,Marion,10546,10136
West Virginia,Marion,56418,56761
Michigan,Marquette,67077,67326
Wisconsin,Marquette,15404,15119
Alabama,Marshall,93019,94585
Illinois,Marshall,12640,11925
Indiana,Marshall,47051,46733
Iowa,Marshall,40648,40352
Kansas,Marshall,10117,9845
Kentucky,Marshall,31448,31059
Minnesota,Marshall,9439,9409
Mississippi,Marshall,37144,35891
Oklahoma,Marshall,15840,16266
South Dakota,Marshall,4656,4821
Tennessee,Marshall,30617,31590
West Virginia,Marshall,33107,32215
Florida,Martin,146318,155559
Indiana,Martin,10334,10216
Kentucky,Martin,12929,12285
Minnesota,Martin,20840,20036
North Carolina,Martin,24505,23262
Texas,Martin,4799,5646
Illinois,Mason,14666,13863
Kentucky,Mason,17490,17050
Michigan,Mason,28705,28738
Texas,Mason,4012,4057
Washington,Mason,60699,60991
West Virginia,Mason,27324,27089
North Carolina,McDowell,44996,44967
West Virginia,McDowell,22113,19762
Illinois,McHenry,308760,307572
North Dakota,McHenry,5395,5975
Georgia,McIntosh,14333,14031
North Dakota,McIntosh,2809,2717
Oklahoma,McIntosh,20252,19817
Illinois,McLean,169572,173141
Kentucky,McLean,9531,9395
North Dakota,McLean,8962,9664
Kansas,McPherson,29180,28648
Nebraska,McPherson,539,489
South Dakota,McPherson,2459,2397
Kansas,Meade,4575,4301
Kentucky,Meade,28602,27725
South Dakota,Meade,25434,26770
North Carolina,Mecklenburg,919628,1033238
Virginia,Mecklenburg,32727,30922
Ohio,Medina,172332,176126
Texas,Medina,46006,48402
Ohio,Meigs,23770,23180
Tennessee,Meigs,11753,11804
Illinois,Menard,12705,12356
Texas,Menard,2242,2134
Michigan,Menominee,24029,23476
Wisconsin,Menominee,4232,4509
Illinois,Mercer,16434,15746
Kentucky,Mercer,21331,21377
Missouri,Mercer,3785,3660
New Jersey,Mercer,366513,368124
North Dakota,Mercer,8424,8786
Ohio,Mercer,40814,40723
Pennsylvania,Mercer,116638,113624
West Virginia,Mercer,62264,61133
Indiana,Miami,36903,36004
Kansas,Miami,32787,32758
Ohio,Miami,102506,104075
Connecticut,Middlesex,165676,163724
Massachusetts,Middlesex,1503085,1585432
New Jersey,Middlesex,809858,825546
Virginia,Middlesex,10959,10686
Michigan,Midland,83629,83662
Texas,Midland,136872,162328
Arkansas,Miller,43462,43792
Georgia,Miller,6125,5848
Missouri,Miller,24748,24872
Iowa,Mills,15059,14882
Texas,Mills,4936,4889
Colorado,Mineral,712,744
Montana,Mineral,4223,4192
Nevada,Mineral,4772,4420
West Virginia,Mineral,28212,27417
Arkansas,Mississippi,46480,43729
Missouri,Mississippi,14358,13965
Georgia,Mitchell,23498,22449
Iowa,Mitchell,10776,10676
Kansas,Mitchell,6373,6294
North Carolina,Mitchell,15579,15071
Texas,Mitchell,9403,8856
Alabama,Monroe,23068,21717
Arkansas,Monroe,8149,7452
Florida,Monroe,73090,76648
Georgia,Monroe,26424,26708
Illinois,Monroe,32957,33739
Indiana,Monroe,137974,144247
Iowa,Monroe,7970,7924
Kentucky,Monroe,10963,10618
Michigan,Monroe,152021,149353
Mississippi,Monroe,36989,35823
Missouri,Monroe,8840,8637
New York,Monroe,744344,745577
Ohio,Monroe,14642,14253
Pennsylvania,Monroe,169842,166481
Tennessee,Monroe,44519,45625
West Virginia,Monroe,13502,13573
Wisconsin,Monroe,44673,45322
Alabama,Montgomery,229363,227279
Arkansas,Montgomery,9487,9027
Georgia,Montgomery,9123,8942
Illinois,Montgomery,30104,29192
Indiana,Montgomery,38124,38243
Iowa,Montgomery,10740,10149
Kansas,Montgomery,35471,33436
Kentucky,Montgomery,26499,27576
Maryland,Montgomery,971777,1032814
Mississippi,Montgomery,10925,10195
Missouri,Montgomery,12236,11572
New York,Montgomery,50219,49564
North Carolina,Montgomery,27798,27438
Ohio,Montgomery,535153,531777
Pennsylvania,Montgomery,799874,817180
Tennessee,Montgomery,172331,192398
Texas,Montgomery,455746,535753
Virginia,Montgomery,94392,97317
North Carolina,Moore,88247,94013
Tennessee,Moore,6362,6261
Texas,Moore,21904,21725
Alabama,Morgan,119490,119257
Colorado,Morgan,28159,28252
Georgia,Morgan,17868,17948
Illinois,Morgan,35547,34673
Indiana,Morgan,68894,69559
Kentucky,Morgan,13923,13267
Missouri,Morgan,20565,20065
Ohio,Morgan,15054,14735
Tennessee,Morgan,21987,21494
Utah,Morgan,9469,11039
West Virginia,Morgan,17541,17490
Kansas,Morris,5923,5628
New Jersey,Morris,492276,494259
Texas,Morris,12934,12370
Ohio,Morrow,34827,34943
Oregon,Morrow,11173,11130
Kansas,Morton,3233,2953
North Dakota,Morton,27471,30249
Georgia,Murray,39628,39430
Minnesota,Murray,8725,8394
Oklahoma,Murray,13488,13860
Florida,Nassau,73314,77951
New York,Nassau,1339532,1354840
Kentucky,Nelson,43437,45114
North Dakota,Nelson,3126,2914
Virginia,Nelson,15020,14760
Kansas,Nemaha,10178,10094
Nebraska,Nemaha,7248,7005
Arkansas,Nevada,8997,8508
California,Nevada,98764,98676
Arkansas,Newton,8330,7846
Georgia,Newton,99958,104884
Indiana,Newton,14244,13971
Mississippi,Newton,21720,21569
Missouri,Newton,58114,58138
Texas,Newton,14445,14158
Kentucky,Nicholas,7135,7059
West Virginia,Nicholas,26233,25551
Indiana,Noble,47536,47515
Ohio,Noble,14645,14467
Oklahoma,Noble,11561,11550
North Carolina,Northampton,22099,20533
Pennsylvania,Northampton,297735,300090
Virginia,Northampton,12389,12080
Pennsylvania,Northumberland,94528,92878
Virginia,Northumberland,12330,12241
Georgia,Oconee,32808,35853
South Carolina,Oconee,74273,75863
Indiana,Ohio,6128,5877
Kentucky,Ohio,23842,24021
West Virginia,Ohio,44443,42969
Oklahoma,Oklahoma,718633,777373
Kentucky,Oldham,60316,64556
Texas,Oldham,2052,2064
Idaho,Oneida,4286,4248
New York,Oneida,234878,231264
Wisconsin,Oneida,35998,35303
California,Orange,3010232,3149280
Florida,Orange,1145956,1291301
Indiana,Orange,19840,19634
New York,Orange,372813,375803
North Carolina,Orange,133801,141298
Texas,Orange,81837,83955
Vermont,Orange,28936,28887
Virginia,Orange,33481,35178
Missouri,Oregon,10881,10850
Louisiana,Orleans,343829,389742
New York,Orleans,42883,41481
Vermont,Orleans,27231,27034
Kansas,Osage,16295,15865
Missouri,Osage,13878,13538
Oklahoma,Osage,47472,47338
Florida,Osceola,268685,323736
Iowa,Osceola,6462,6160
Michigan,Osceola,23528,23177
Colorado,Otero,18831,18182
New Mexico,Otero,63797,64768
Michigan,Otsego,24164,24203
New York,Otsego,62259,60504
Kansas,Ottawa,6091,5934
Michigan,Ottawa,263801,280859
Ohio,Ottawa,41428,40754
Oklahoma,Ottawa,31848,31862
Arkansas,Ouachita,26120,24316
Louisiana,Ouachita,153720,156880
Indiana,Owen,21575,20826
Kentucky,Owen,10841,10736
Iowa,Page,15932,15462
Virginia,Page,24042,23662
Mississippi,Panola,34707,34202
Texas,Panola,23796,23667
Colorado,Park,16206,16726
Montana,Park,15636,16003
Wyoming,Park,28205,28928
Georgia,Paulding,142324,151649
Ohio,Paulding,19614,18959
Kansas,Pawnee,6973,6769
Nebraska,Pawnee,2773,2691
Oklahoma,Pawnee,16577,16439
Kentucky,Pendleton,14877,14487
West Virginia,Pendleton,7695,7103
Minnesota,Pennington,13930,14237
South Dakota,Pennington,100948,108088
Nebraska,Perkins,2970,2932
South Dakota,Perkins,2982,2984
Alabama,Perry,10591,9640
Arkansas,Perry,10445,10307
Illinois,Perry,22350,21521
Indiana,Perry,19338,19310
Kentucky,Perry,28712,27373
Mississippi,Perry,12250,12071
Missouri,Perry,18971,19068
Ohio,Perry,36058,35967
Pennsylvania,Perry,45969,45849
Tennessee,Perry,7915,7852
Missouri,Phelps,45156,44766
Nebraska,Phelps,9188,9217
Arkansas,Phillips,21757,19546
Colorado,Phillips,4442,4327
Kansas,Phillips,5642,5420
Montana,Phillips,4253,4146
Alabama,Pickens,19746,20776
Georgia,Pickens,29431,30136
South Carolina,Pickens,119224,121500
Georgia,Pierce,18758,19094
Nebraska,Pierce,7266,7190
North Dakota,Pierce,4357,4273
Washington,Pierce,795225,843778
Wisconsin,Pierce,41019,41069
Alabama,Pike,32899,33496
Arkansas,Pike,11291,10837
Georgia,Pike,17869,17925
Illinois,Pike,16430,15795
Indiana,Pike,12845,12407
Kentucky,Pike,65024,61781
Mississippi,Pike,40404,39890
Missouri,Pike,18516,18409
Ohio,Pike,28709,28117
Pennsylvania,Pike,57369,55322
Missouri,Platte,89322,96445
Nebraska,Platte,32237,32876
Wyoming,Platte,8667,8798
Iowa,Plymouth,24986,24899
Massachusetts,Plymouth,494919,509221
Iowa,Pocahontas,7310,6967
West Virginia,Pocahontas,8719,8573
Arkansas,Polk,20662,20194
Florida,Polk,602095,648523
Georgia,Polk,41475,41207
Iowa,Polk,430640,467304
Minnesota,Polk,31600,31497
Missouri,Polk,31137,31256
Nebraska,Polk,5406,5171
North Carolina,Polk,20510,20414
Oregon,Polk,75403,78962
Tennessee,Polk,16825,16769
Texas,Polk,45413,46613
Wisconsin,Polk,44205,43218
Mississippi,Pontotoc,29957,30857
Oklahoma,Pontotoc,37492,38336
Arkansas,Pope,61754,63608
Illinois,Pope,4470,4291
Minnesota,Pope,10995,10936
Ohio,Portage,161419,162594
Wisconsin,Portage,70019,70520
Kansas,Pottawatomie,21604,23123
Oklahoma,Pottawatomie,69442,71479
Pennsylvania,Potter,17457,17086
South Dakota,Potter,2329,2295
Texas,Potter,121073,121272
Kentucky,Powell,12613,12226
Montana,Powell,7027,6799
Arkansas,Prairie,8715,8299
Montana,Prairie,1179,1140
Arkansas,Pulaski,382748,393576
Georgia,Pulaski,12010,11395
Illinois,Pulaski,6161,5657
Indiana,Pulaski,13402,12804
Kentucky,Pulaski,63063,63862
Missouri,Pulaski,52274,53204
Virginia,Pulaski,34872,34351
Florida,Putnam,74364,71939
Georgia,Putnam,21218,21307
Illinois,Putnam,6006,5727
Indiana,Putnam,37963,37382
Missouri,Putnam,4979,4860
New York,Putnam,99710,99185
Ohio,Putnam,34499,34026
Tennessee,Putnam,72321,75074
West Virginia,Putnam,55486,56592
Georgia,Quitman,2513,2275
Mississippi,Quitman,8223,7511
Minnesota,Ramsey,508640,536631
North Dakota,Ramsey,11451,11664
Alabama,Randolph,22913,22594
Arkansas,Randolph,17969,17437
Georgia,Randolph,7719,7150
Illinois,Randolph,33476,32806
Indiana,Randolph,26171,25138
Missouri,Randolph,25414,25041
North Carolina,Randolph,141752,142575
West Virginia,Randolph,29405,29212
Louisiana,Red River,9091,8711
Texas,Red River,12860,12345
Minnesota,Renville,15730,14798
North Dakota,Renville,2470,2551
Kansas,Rice,10083,9925
Minnesota,Rice,64142,65323
Illinois,Richland,16233,15957
Louisiana,Richland,20725,20546
Montana,Richland,9746,11902
North Dakota,Richland,16321,16286
Ohio,Richland,124475,121688
South Carolina,Richland,384504,406008
Wisconsin,Richland,18021,17574
Georgia,Richmond,200549,201451
New York,Richmond,468730,472349
North Carolina,Richmond,46639,45429
Virginia,Richmond,9254,8781
Indiana,Ripley,28818,28372
Missouri,Ripley,14100,13788
Tennessee,Roane,54181,52770
West Virginia,Roane,14926,14375
South Dakota,Roberts,10149,10209
Texas,Roberts,929,910
Kentucky,Robertson,2282,2134
Tennessee,Robertson,66283,68687
Texas,Robertson,16622,16698
Minnesota,Rock,9687,9442
Nebraska,Rock,1526,1417
Wisconsin,Rock,160331,161006
New Hampshire,Rockingham,295223,302691
North Carolina,Rockingham,93643,91657
Virginia,Rockingham,76314,78445
Montana,Roosevelt,10425,11417
New Mexico,Roosevelt,19846,19137
Kentucky,Rowan,23333,24642
North Carolina,Rowan,138428,138497
Indiana,Rush,17392,16708
Kansas,Rush,3307,3098
Texas,Rusk,53330,52965
Wisconsin,Rusk,14755,14124
Alabama,Russell,52947,58844
Kansas,Russell,6970,7044
Kentucky,Russell,17565,17685
Virginia,Russell,28897,27854
North Carolina,Rutherford,67810,66375
Tennessee,Rutherford,262604,298197
Louisiana,Sabine,24233,24205
Texas,Sabine,10834,10440
Arkansas,Saline,107118,116390
Illinois,Saline,24913,24495
Kansas,Saline,55606,55429
Missouri,Saline,23370,23226
Nebraska,Saline,14200,14196
Colorado,San Juan,699,689
New Mexico,San Juan,130044,128246
Utah,San Juan,14746,15239
Washington,San Juan,15769,16198
Colorado,San Miguel,7359,7836
New Mexico,San Miguel,29393,28215
Arizona,Santa Cruz,47420,46542
California,Santa Cruz,262382,273503
Illinois,Schuyler,7544,7151
Missouri,Schuyler,4431,4500
New York,Schuyler,18343,18027
Missouri,Scotland,4843,4821
North Carolina,Scotland,36157,35321
Arkansas,Scott,11233,10561
Illinois,Scott,5355,5110
Indiana,Scott,24181,23660
Iowa,Scott,165224,171903
Kansas,Scott,4936,4948
Kentucky,Scott,47173,52155
Minnesota,Scott,129928,141329
Mississippi,Scott,28264,28432
Missouri,Scott,39191,39007
Tennessee,Scott,22228,21893
Virginia,Scott,23177,22296
Colorado,Sedgwick,2379,2373
Kansas,Sedgwick,498365,511083
Florida,Seminole,422718,448318
Georgia,Seminole,8729,8565
Oklahoma,Seminole,25482,25399
New York,Seneca,35251,34801
Ohio,Seneca,56745,55650
Arkansas,Sevier,17058,17262
Tennessee,Sevier,89889,95417
Utah,Sevier,20802,20858
Kansas,Seward,22952,23273
Nebraska,Seward,16750,16994
Alabama,Shelby,195085,208959
Illinois,Shelby,22363,21819
Indiana,Shelby,44436,44341
Iowa,Shelby,12167,11789
Kentucky,Shelby,42074,45787
Missouri,Shelby,6373,6101
Ohio,Shelby,49423,49030
Tennessee,Shelby,927644,937067
Texas,Shelby,25448,25373
Kansas,Sheridan,2556,2475
Montana,Sheridan,3384,3673
Nebraska,Sheridan,5469,5216
North Dakota,Sheridan,1321,1311
Wyoming,Sheridan,29116,29883
Kansas,Sherman,6010,5964
Nebraska,Sherman,3152,3036
Oregon,Sherman,1765,1689
Texas,Sherman,3034,3058
California,Sierra,3240,2985
New Mexico,Sierra,11988,11236
Kentucky,Simpson,17327,17901
Mississippi,Simpson,27503,27169
Iowa,Sioux,33704,34754
Nebraska,Sioux,1311,1276
North Dakota,Sioux,4153,4377
Kansas,Smith,3853,3689
Mississippi,Smith,16491,16079
Tennessee,Smith,19166,19308
Texas,Smith,209714,222390
Maine,Somerset,52228,50729
Maryland,Somerset,26470,25687
New Jersey,Somerset,323444,329626
Pennsylvania,Somerset,77742,75383
Indiana,Spencer,20952,20640
Kentucky,Spencer,17061,18072
Louisiana,St Charles,52780,52572
Missouri,St Charles,360485,384978
Alabama,St Clair,83593,86546
Illinois,St Clair,270056,264858
Michigan,St Clair,163040,159700
Missouri,St Clair,9805,9411
Indiana,St Joseph,266931,268361
Michigan,St Joseph,61295,60804
Minnesota,St Louis,200226,200296
Missouri,St Louis,998954,1001109
Kansas,Stafford,4437,4215
Virginia,Stafford,128961,140868
Kansas,Stanton,2235,2070
Nebraska,Stanton,6129,5944
Illinois,Stark,5994,5505
North Dakota,Stark,24199,31861
Ohio,Stark,375586,374715
Minnesota,Steele,36576,36599
North Dakota,Steele,1975,1915
Georgia,Stephens,26175,25446
Oklahoma,Stephens,45048,44576
Texas,Stephens,9630,9385
Indiana,Steuben,34185,34469
New York,Steuben,98990,97551
Kansas,Stevens,5724,5789
Minnesota,Stevens,9726,9874
Washington,Stevens,43531,43553
Georgia,Stewart,6058,5973
Tennessee,Stewart,13324,13187
Arkansas,Stone,12394,12386
Mississippi,Stone,17786,18271
Missouri,Stone,32202,31307
Massachusetts,Suffolk,722023,782591
New York,Suffolk,1493350,1491967
Indiana,Sullivan,21475,20874
Missouri,Sullivan,6714,6366
New Hampshire,Sullivan,43742,43148
New York,Sullivan,77547,74832
Pennsylvania,Sullivan,6428,6267
Tennessee,Sullivan,156823,156199
Colorado,Summit,27994,30045
Ohio,Summit,541781,541788
Utah,Summit,36324,39640
Kansas,Sumner,24132,23417
Tennessee,Sumner,160645,175326
Alabama,Sumter,13763,13206
Florida,Sumter,93420,117076
Georgia,Sumter,32819,30696
South Carolina,Sumter,107456,107151
North Carolina,Surry,73673,71998
Virginia,Surry,7058,6671
Delaware,Sussex,197145,214636
New Jersey,Sussex,149265,143004
Virginia,Sussex,12087,11692
Georgia,Talbot,6865,6498
Maryland,Talbot,37782,37413
Florida,Taylor,22570,22355
Georgia,Taylor,8906,8243
Iowa,Taylor,6317,6246
Kentucky,Taylor,24512,25586
Texas,Taylor,131506,136133
West Virginia,Taylor,16895,16930
Wisconsin,Taylor,20689,20314
Illinois,Tazewell,135394,134302
Virginia,Tazewell,45078,42905
Georgia,Terrell,9315,9013
Texas,Terrell,984,867
Idaho,Teton,10170,10725
Montana,Teton,6073,6062
Wyoming,Teton,21294,23047
Missouri,Texas,26008,25660
Oklahoma,Texas,20640,21446
Georgia,Thomas,44720,44796
Kansas,Thomas,7900,7895
Nebraska,Thomas,647,693
Nebraska,Thurston,6940,7073
Washington,Thurston,252264,267978
New York,Tioga,51125,49355
Pennsylvania,Tioga,41981,41519
Indiana,Tipton,15936,15249
Tennessee,Tipton,61081,61533
Kentucky,Todd,12460,12447
Minnesota,Todd,24895,24328
South Dakota,Todd,9612,10041
California,Trinity,13786,13094
Texas,Trinity,14585,14539
Georgia,Turner,8930,7982
South Dakota,Turner,8347,8131
Texas,Tyler,21766,21370
West Virginia,Tyler,9208,8958
Arkansas,Union,41639,40086
Florida,Union,15535,15265
Georgia,Union,21356,22007
Illinois,Union,17808,17284
Indiana,Union,7516,7185
Iowa,Union,12534,12430
Kentucky,Union,15007,14951
Louisiana,Union,22721,22487
Mississippi,Union,27134,28311
New Jersey,Union,536499,549905
New Mexico,Union,4549,4163
North Carolina,Union,201292,221949
Ohio,Union,52300,54388
Oregon,Union,25748,25703
Pennsylvania,Union,44947,45519
South Carolina,Union,28961,27743
South Dakota,Union,14399,14925
Tennessee,Union,19109,19159
Texas,Upshur,39309,40317
West Virginia,Upshur,24254,24727
Utah,Utah,516564,572667
Idaho,Valley,9862,10043
Montana,Valley,7369,7621
Nebraska,Valley,4260,4168
Arkansas,Van Buren,17295,16808
Iowa,Van Buren,7570,7296
Michigan,Van Buren,76258,75060
Tennessee,Van Buren,5548,5695
Illinois,Vermilion,81625,79170
Louisiana,Vermilion,57999,59918
Louisiana,Vernon,52334,51431
Missouri,Vernon,21159,20758
Wisconsin,Vernon,29773,30317
Illinois,Wabash,11947,11624
Indiana,Wabash,32888,31860
Alabama,Walker,67023,64931
Georgia,Walker,68756,68537
Texas,Walker,67861,70836
Florida,Walton,55043,63066
Georgia,Walton,83768,88333
South Dakota,Walworth,5438,5404
Wisconsin,Walworth,102228,102475
North Dakota,Ward,61675,70703
Texas,Ward,10658,11631
Georgia,Warren,5834,5374
Illinois,Warren,17707,17455
Indiana,Warren,8508,8270
Iowa,Warren,46225,48468
Kentucky,Warren,113792,124122
Mississippi,Warren,48773,47481
Missouri,Warren,32513,33532
New Jersey,Warren,108692,106742
New York,Warren,65707,64420
North Carolina,Warren,20972,20207
Ohio,Warren,212693,223864
Pennsylvania,Warren,41815,40334
Tennessee,Warren,39839,40262
Virginia,Warren,37575,38716
Alabama,Washington,17581,16832
Arkansas,Washington,203065,224434
Colorado,Washington,4814,4786
Florida,Washington,24896,24552
Georgia,Washington,21187,20736
Idaho,Washington,10198,9891
Illinois,Washington,14716,14262
Indiana,Washington,28262,27774
Iowa,Washington,21704,22145
Kansas,Washington,5799,5568
Kentucky,Washington,11717,12007
Louisiana,Washington,47168,46358
Maine,Washington,32856,31776
Maryland,Washington,147430,149068
Minnesota,Washington,238136,250386
Mississippi,Washington,51137,47959
Missouri,Washington,25195,24793
Nebraska,Washington,20234,19917
New York,Washington,63216,62246
North Carolina,Washington,13228,12247
Ohio,Washington,61778,61020
Oklahoma,Washington,50976,52091
Oregon,Washington,529710,572664
Pennsylvania,Washington,207820,207718
Rhode Island,Washington,126979,126185
Tennessee,Washington,122979,126137
Texas,Washington,33718,34836
Utah,Washington,138115,154650
Vermont,Washington,59534,58652
Virginia,Washington,54876,54268
Wisconsin,Washington,131887,133906
Georgia,Wayne,30099,29430
Illinois,Wayne,16760,16517
Indiana,Wayne,68917,66972
Iowa,Wayne,6403,6359
Kentucky,Wayne,20813,20609
Michigan,Wayne,1820584,1764872
Mississippi,Wayne,20747,20497
Missouri,Wayne,13521,13431
Nebraska,Wayne,9595,9366
New York,Wayne,93772,91291
North Carolina,Wayne,122623,124342
Ohio,Wayne,114520,116214
Pennsylvania,Wayne,52822,51823
Tennessee,Wayne,17021,16767
Utah,Wayne,2778,2690
West Virginia,Wayne,42481,41211
Georgia,Webster,2799,2631
Iowa,Webster,38013,37066
Kentucky,Webster,13621,13155
Louisiana,Webster,41207,40061
Mississippi,Webster,10253,9873
Missouri,Webster,36202,37604
Nebraska,Webster,3812,3592
West Virginia,Webster,9154,8635
Indiana,Wells,27636,27851
North Dakota,Wells,4207,4095
Pennsylvania,Westmoreland,365169,356923
Virginia,Westmoreland,17454,17549
Georgia,Wheeler,7421,7911
Nebraska,Wheeler,818,779
Oregon,Wheeler,1441,1326
Texas,Wheeler,5410,5658
Arkansas,White,77076,78915
Georgia,White,27144,28387
Illinois,White,14665,14204
Indiana,White,24643,24274
Tennessee,White,25841,26342
Indiana,Whitley,33292,33444
Kentucky,Whitley,35637,36109
Kansas,Wichita,2234,2167
Texas,Wichita,131500,130961
Alabama,Wilcox,11670,10896
Georgia,Wilcox,9255,9024
Georgia,Wilkes,10593,9911
North Carolina,Wilkes,69340,68298
Georgia,Wilkinson,9563,9080
Mississippi,Wilkinson,9878,9089
North Dakota,Williams,22398,35301
Ohio,Williams,37642,37007
Illinois,Williamson,66357,67428
Tennessee,Williamson,183182,211605
Texas,Williamson,422679,507133
Kansas,Wilson,9409,8845
North Carolina,Wilson,81234,81240
Tennessee,Wilson,113993,128536
Texas,Wilson,42918,47178
Connecticut,Windham,118428,116487
Vermont,Windham,44513,43246
Illinois,Winnebago,295266,287148
Iowa,Winnebago,10866,10603
Wisconsin,Winnebago,166994,169246
Alabama,Winston,24484,23930
Mississippi,Winston,19198,18447
Texas,Wise,59127,62857
Virginia,Wise,41452,39572
Ohio,Wood,125488,129285
Texas,Wood,41964,43117
West Virginia,Wood,86956,86335
Wisconsin,Wood,74749,73350
Illinois,Woodford,38664,38930
Kentucky,Woodford,24939,25860
Maryland,Worcester,51454,51456
Massachusetts,Worcester,798552,818117
Georgia,Worth,21679,20688
Iowa,Worth,7598,7503
Missouri,Worth,2171,2042
Iowa,Wright,13229,12841
Minnesota,Wright,124700,130973
Missouri,Wright,18815,18146
New York,Wyoming,42155,40930
Pennsylvania,Wyoming,28276,27812
West Virginia,Wyoming,23796,22177
Maine,York,197131,201223
Nebraska,York,13665,13797
Pennsylvania,York,434972,441741
South Carolina,York,226073,250566
Virginia,York,65464,67802
Arizona,Yuma,195751,205186
Colorado,Yuma,10043,10037
South Carolina,Abbeville,25417,24796
Louisiana,Acadia,61773,62679
Virginia,Accomack,33164,32914
Idaho,Ada,392365,432862
Vermont,Addison,36821,36929
South Carolina,Aiken,160099,165688
Minnesota,Aitkin,16202,15852
Florida,Alachua,247336,259052
North Carolina,Alamance,151131,157037
California,Alameda,1510271,1634538
Colorado,Alamosa,15445,15894
Virginia,Albemarle,98970,105117
Michigan,Alcona,10942,10330
Mississippi,Alcorn,37057,37276
Alaska,Aleutians East,3141,3373
Alaska,Aleutians West,5561,5781
Virginia,Alexandria City,139966,153654
Oklahoma,Alfalfa,5642,5917
Michigan,Alger,9601,9255
Iowa,Allamakee,14330,13874
Michigan,Allegan,111408,114112
Pennsylvania,Allegheny,1223348,1228827
South Carolina,Allendale,10419,9430
Michigan,Alpena,29598,28722
California,Alpine,1175,1077
California,Amador,38091,37031
Virginia,Amelia,12690,12784
Virginia,Amherst,32353,31836
Mississippi,Amite,13131,12553
Alaska,Anchorage Municipality,291826,297547
Missouri,Andrew,17291,17314
Texas,Andrews,14786,18072
Maine,Androscoggin,107702,107124
Texas,Angelina,86771,87829
Maryland,Anne Arundel,537656,563027
Minnesota,Anoka,330844,344176
North Carolina,Anson,26948,25602
Nebraska,Antelope,6685,6415
Michigan,Antrim,23580,23035
Arizona,Apache,71518,71012
Iowa,Appanoose,12887,12577
Georgia,Appling,18236,18423
Virginia,Appomattox,14973,15492
Texas,Aransas,23158,24800
Colorado,Arapahoe,572003,630984
Texas,Archer,9054,8763
Colorado,Archuleta,12084,12387
Michigan,Arenac,15899,15307
Virginia,Arlington,207627,228548
Maine,Aroostook,71870,68818
Nebraska,Arthur,460,451
Louisiana,Ascension,107215,119374
North Carolina,Ashe,27281,26628
Arkansas,Ashley,21853,20838
Ohio,Ashtabula,101497,98404
Washington,Asotin,21623,22113
Louisiana,Assumption,23421,22898
Texas,Atascosa,44911,48363
Ohio,Athens,64757,65886
Georgia,Atkinson,8375,8340
New Jersey,Atlantic,274549,270153
Oklahoma,Atoka,14182,13889
Mississippi,Attala,19564,18665
Missouri,Audrain,25529,25950
Iowa,Audubon,6119,5711
Ohio,Auglaize,45949,45734
Virginia,Augusta,73750,74292
South Dakota,Aurora,2710,2744
Texas,Austin,28417,29471
Alabama,Autauga,54571,54864
North Carolina,Avery,17797,17486
Louisiana,Avoyelles,42073,40979
Colorado,Baca,3788,3555
Georgia,Bacon,11096,11231
Texas,Bailey,7165,7223
Kentucky,Ballard,8249,8216
South Carolina,Bamberg,15987,14682
Texas,Bandera,20485,21144
Georgia,Banks,18395,18381
Nebraska,Banner,690,711
Idaho,Bannock,82839,84184
Michigan,Baraga,8860,8585
Kansas,Barber,4861,4824
North Dakota,Barnes,11066,11008
Massachusetts,Barnstable,215888,213877
South Carolina,Barnwell,22621,21781
Kentucky,Barren,42173,43546
Wisconsin,Barron,45870,45367
Georgia,Barrow,69367,74979
Indiana,Bartholomew,76794,81458
Georgia,Bartow,100157,102043
Texas,Bastrop,74171,80115
Missouri,Bates,17049,16362
Arkansas,Baxter,41513,41138
Wisconsin,Bayfield,15014,14976
Texas,Baylor,3726,3609
South Dakota,Beadle,17398,18127
Idaho,Bear Lake,5986,5879
Louisiana,Beauregard,35654,36531
Montana,Beaverhead,9246,9295
Minnesota,Becker,32504,33445
Oklahoma,Beckham,22119,23554
Texas,Bee,31861,32617
New Hampshire,Belknap,60088,60370
Ohio,Belmont,70400,68973
Minnesota,Beltrami,44442,45605
Georgia,Ben Hill,17634,17357
Idaho,Benewah,9285,8996
South Dakota,Bennett,3431,3402
Vermont,Bennington,37125,36153
North Dakota,Benson,6660,6820
Colorado,Bent,6499,5889
Michigan,Benzie,17525,17390
New Jersey,Bergen,905116,926391
Pennsylvania,Berks,411442,415138
Massachusetts,Berkshire,131219,127858
New Mexico,Bernalillo,662564,676248
North Carolina,Bertie,21282,20162
Alaska,Bethel,17013,17955
Texas,Bexar,1714773,1894834
Louisiana,Bienville,14353,13823
Minnesota,Big Stone,5269,4993
North Dakota,Billings,783,948
Idaho,Bingham,45607,45057
Iowa,Black Hawk,131090,133701
Indiana,Blackford,12766,12242
North Carolina,Bladen,35190,34083
Pennsylvania,Blair,127089,124596
Texas,Blanco,10497,11029
Virginia,Bland,6824,6532
Georgia,Bleckley,13063,12714
Tennessee,Bledsoe,12876,14601
Minnesota,Blue Earth,64013,65673
Idaho,Boise,7028,6963
Mississippi,Bolivar,34145,33230
Missouri,Bollinger,12363,12316
South Dakota,Bon Homme,7070,6943
Illinois,Bond,17768,16686
Idaho,Bonner,40877,41600
Idaho,Bonneville,104234,109849
Texas,Borden,641,655
Texas,Bosque,18212,17864
Louisiana,Bossier,116979,125554
Virginia,Botetourt,33148,33380
North Dakota,Bottineau,6429,6734
Colorado,Boulder,294567,318027
Idaho,Boundary,10972,11299
Texas,Bowie,92565,93050
North Dakota,Bowman,3151,3277
Nebraska,Box Butte,11308,11325
Utah,Box Elder,49975,51826
Kentucky,Boyle,28432,29782
Kentucky,Bracken,8488,8290
Michigan,Branch,45248,43639
Georgia,Brantley,18411,18437
West Virginia,Braxton,14523,14375
Texas,Brazoria,313166,345227
Texas,Brazos,194851,216258
Kentucky,Breathitt,13878,13363
Kentucky,Breckinridge,20059,19979
Iowa,Bremer,24276,24746
Florida,Brevard,543376,565746
Texas,Brewster,9232,9143
Texas,Briscoe,1637,1514
Alaska,Bristol Bay,997,904
Virginia,Bristol City,17835,17146
Montana,Broadwater,5612,5714
New York,Bronx,1385108,1440005
West Virginia,Brooke,24069,23190
South Dakota,Brookings,31965,33800
New York,Broome,200600,195928
Colorado,Broomfield,55889,64866
Florida,Broward,1748066,1885040
South Dakota,Brule,5255,5243
Virginia,Buckingham,17146,17017
Pennsylvania,Bucks,625249,625276
Kentucky,Bullitt,74319,78677
Georgia,Bulloch,70217,73116
Alabama,Bullock,10914,10400
North Carolina,Buncombe,238318,251954
Illinois,Bureau,34978,33491
North Dakota,Burleigh,81308,93211
Texas,Burleson,17187,17611
New Jersey,Burlington,448734,446832
Texas,Burnet,42750,44734
Wisconsin,Burnett,15457,15142
Nebraska,Burt,6858,6538
Georgia,Butts,23655,23520
North Carolina,Cabarrus,178011,196396
West Virginia,Cabell,96319,96582
Utah,Cache,112656,119697
California,Calaveras,45578,44965
Louisiana,Calcasieu,192768,198450
Vermont,Caledonia,31227,30645
Texas,Callahan,13544,13589
Missouri,Callaway,44332,44699
Kentucky,Calloway,37191,38656
Wisconsin,Calumet,48971,49818
Maryland,Calvert,88737,90477
Idaho,Camas,1117,1070
Pennsylvania,Cambria,143679,136028
Texas,Camp,12401,12699
Oklahoma,Canadian,115541,133158
Georgia,Candler,10998,10873
Tennessee,Cannon,13801,13740
Idaho,Canyon,188923,206842
Missouri,Cape Girardeau,75674,78238
New Jersey,Cape May,97265,94160
Idaho,Caribou,6963,6733
Kentucky,Carlisle,5104,4852
Minnesota,Carlton,35386,35409
Texas,Carson,6182,6013
Nevada,Carson City,55274,54068
North Carolina,Carteret,66469,68712
Minnesota,Carver,91042,98630
Montana,Cascade,81327,81878
Kentucky,Casey,15955,15749
Idaho,Cassia,22952,23499
Texas,Castro,8062,7787
North Carolina,Caswell,23719,22813
Louisiana,Catahoula,10407,10029
North Carolina,Catawba,154358,155527
Georgia,Catoosa,63942,65778
New Mexico,Catron,3725,3476
New York,Cattaraugus,80317,77926
North Dakota,Cavalier,3993,3827
New York,Cayuga,80026,78298
Maryland,Cecil,101108,102382
Pennsylvania,Centre,153990,160466
Iowa,Cerro Gordo,44151,42983
Colorado,Chaffee,17809,18612
Missouri,Chariton,7831,7576
Maryland,Charles,146551,155665
Virginia,Charles City,7256,7046
South Dakota,Charles Mix,9129,9360
South Carolina,Charleston,350209,389310
Michigan,Charlevoix,25949,26210
Virginia,Charlottesville City,43475,46301
Georgia,Charlton,12171,13239
Georgia,Chattahoochee,11267,11042
Georgia,Chattooga,26015,24905
New Mexico,Chaves,65645,65825
Tennessee,Cheatham,39105,39593
Michigan,Cheboygan,26152,25399
Washington,Chelan,72453,75041
New York,Chemung,88830,86705
New York,Chenango,50477,48772
Nebraska,Cherry,5713,5824
Virginia,Chesapeake City,222209,235111
New Hampshire,Cheshire,77117,76288
Arkansas,Chicot,11800,10970
Texas,Childress,7041,7169
Alabama,Chilton,43643,43700
Minnesota,Chisago,53887,54129
Vermont,Chittenden,156545,161293
Montana,Chouteau,5813,5774
North Carolina,Chowan,14793,14248
Nevada,Churchill,24877,23957
New Mexico,Cibola,27213,27044
Oklahoma,Cimarron,2475,2225
Florida,Citrus,141236,140287
Oregon,Clackamas,375992,399647
Washington,Clallam,71404,73202
Michigan,Clare,30926,30616
South Carolina,Clarendon,34971,34029
Pennsylvania,Clarion,39988,38876
Oregon,Clatsop,37039,37797
Colorado,Clear Creek,9088,9244
Pennsylvania,Clearfield,81642,80718
Ohio,Clermont,197363,201995
Georgia,Clinch,6798,6826
Kansas,Cloud,9533,9188
Mississippi,Coahoma,26151,24500
Oklahoma,Coal,5925,5608
Georgia,Cobb,688078,739052
Arizona,Cochise,131346,126454
Texas,Cochran,3127,2977
Tennessee,Cocke,35662,35138
Arizona,Coconino,134421,138962
South Dakota,Codington,27227,27899
Kansas,Coffey,8601,8291
Texas,Coke,3320,3227
Alabama,Colbert,54428,54417
Missouri,Cole,75990,76818
Texas,Coleman,8895,8316
Illinois,Coles,53873,52179
South Carolina,Colleton,38892,37439
Florida,Collier,321520,356041
Texas,Collin,782341,915243
Texas,Collingsworth,3057,3010
Virginia,Colonial Heights,17411,17444
Georgia,Colquitt,45498,45466
Ohio,Columbiana,107841,104714
North Carolina,Columbus,58098,56675
California,Colusa,21419,21231
Texas,Comal,108472,128795
Texas,Concho,4087,4072
Louisiana,Concordia,20822,20228
Alabama,Conecuh,13228,12678
Colorado,Conejos,8256,8065
California,Contra Costa,1049025,1124405
Wyoming,Converse,13833,14297
Arkansas,Conway,21273,20936
Texas,Cooke,38437,39170
Missouri,Cooper,17601,17614
Alabama,Coosa,11539,10934
Mississippi,Copiah,29449,28865
South Dakota,Corson,4050,4175
New York,Cortland,49336,48290
Texas,Coryell,75388,76145
Ohio,Coshocton,36901,36577
Colorado,Costilla,3524,3576
Texas,Cottle,1505,1439
Oklahoma,Cotton,6193,6006
Minnesota,Cottonwood,11687,11422
Virginia,Covington City,5961,5663
Georgia,Coweta,127317,138145
Kansas,Cowley,36311,35752
Washington,Cowlitz,102410,102999
Arkansas,Craighead,96443,104457
Texas,Crane,4375,4995
North Carolina,Craven,103505,102853
Oklahoma,Creek,69967,70801
Alabama,Crenshaw,13906,13850
Georgia,Crisp,23439,22959
Texas,Crosby,6059,5918
Arkansas,Cross,17870,17255
Minnesota,Crow Wing,62500,63229
Colorado,Crowley,5823,5628
Texas,Culberson,2398,2254
Alabama,Cullman,80406,81761
Virginia,Culpeper,46689,49551
Nebraska,Cuming,9139,9075
North Carolina,Currituck,23547,25106
Ohio,Cuyahoga,1280122,1258739
Utah,Daggett,1059,1107
Alabama,Dale,50251,49365
Texas,Dallam,6703,7301
Wisconsin,Dane,488073,523000
Montana,Daniels,1751,1750
Virginia,Danville City,43055,41947
North Carolina,Dare,33920,35468
Ohio,Darke,52959,51981
South Carolina,Darlington,68681,67520
Pennsylvania,Dauphin,268100,273085
North Carolina,Davie,41240,41648
South Dakota,Davison,19504,19916
Nebraska,Dawes,9182,8958
South Dakota,Day,5710,5496
New Mexico,De Baca,2022,1873
Louisiana,De Soto,26656,27101
Illinois,De Witt,16561,16184
Texas,Deaf Smith,19372,18825
Indiana,Dearborn,50047,49455
Montana,Deer Lodge,9298,9102
Ohio,Defiance,39037,38326
California,Del Norte,28610,27190
Alaska,Denali,1826,1933
Missouri,Dent,15657,15656
Texas,Denton,662614,779584
Colorado,Denver,600158,683285
Iowa,Des Moines,40325,39874
Oregon,Deschutes,157733,174246
Arkansas,Desha,13008,12029
Texas,DeWitt,20097,20632
Texas,Dickens,2444,2204
Virginia,Dickenson,15903,15201
North Dakota,Dickey,5289,5054
Tennessee,Dickson,49666,51334
Alaska,Dillingham,4847,4988
South Carolina,Dillon,32062,31141
Texas,Dimmit,9996,10910
Virginia,Dinwiddie,28001,28148
District of Columbia,District of Columbia,601723,675400
North Dakota,Divide,2071,2459
Florida,Dixie,16422,16353
Nebraska,Dixon,6000,5769
West Virginia,Doddridge,8202,8703
Colorado,Dolores,2064,1981
Kansas,Doniphan,7945,7788
Texas,Donley,3677,3391
New Mexico,Doa Ana,209233,214034
Georgia,Dooly,14918,14034
Wisconsin,Door,27785,27311
Georgia,Dougherty,94565,91513
Arkansas,Drew,18509,18613
Indiana,Dubois,41889,42317
Iowa,Dubuque,93653,96850
Utah,Duchesne,18607,20748
Massachusetts,Dukes,16535,17274
Nebraska,Dundy,2008,1770
Missouri,Dunklin,31953,30844
Illinois,DuPage,916924,933609
North Carolina,Duplin,58505,58883
North Carolina,Durham,267587,300793
New York,Dutchess,297488,294039
Tennessee,Dyer,38335,37753
Colorado,Eagle,52197,53865
Georgia,Early,11008,10462
Louisiana,East Baton Rouge,440171,445512
Louisiana,East Carroll,7759,7277
Louisiana,East Feliciana,20267,19540
Texas,Eastland,18583,18152
Michigan,Eaton,107759,108661
Wisconsin,Eau Claire,98736,102080
Georgia,Echols,4034,4030
Texas,Ector,137130,159903
Illinois,Edgar,18576,17603
North Carolina,Edgecombe,56552,53743
South Carolina,Edgefield,26985,26782
Kentucky,Edmonson,12161,11991
South Dakota,Edmunds,4071,3996
California,El Dorado,181058,184569
Indiana,Elkhart,197559,202995
Nevada,Elko,48818,51728
Kentucky,Elliott,7852,7548
Kansas,Ellsworth,6497,6302
Georgia,Emanuel,22598,22471
Utah,Emery,10976,10359
North Dakota,Emmons,3550,3397
Virginia,Emporia City,5927,5558
Texas,Erath,37890,41191
Nevada,Esmeralda,783,830
Kentucky,Estill,14672,14373
Alabama,Etowah,104430,102998
Nevada,Eureka,1987,2029
Louisiana,Evangeline,33984,33724
Georgia,Evans,11000,10690
Alaska,Fairbanks North Star,97581,99636
Virginia,Fairfax,1081726,1140401
Virginia,Fairfax City,22565,23230
South Dakota,Fall River,7094,6800
Montana,Fallon,2890,3171
Texas,Falls,17866,17216
Virginia,Falls Church,12332,13728
Minnesota,Faribault,14553,13981
South Dakota,Faulk,2364,2307
Arkansas,Faulkner,113237,121241
Virginia,Fauquier,65203,68423
Tennessee,Fentress,17959,17965
Montana,Fergus,11586,11307
Washington,Ferry,7551,7520
Kansas,Finney,36776,37148
Texas,Fisher,3974,3877
Florida,Flagler,95696,104436
Montana,Flathead,90928,95839
Kentucky,Fleming,14348,14578
Virginia,Fluvanna,25691,26133
Texas,Foard,1336,1225
Wisconsin,Fond du Lac,101633,101955
Mississippi,Forrest,74934,75593
Texas,Fort Bend,585375,715331
North Dakota,Foster,3343,3325
Indiana,Fountain,17240,16537
Virginia,Franklin City,8582,8331
Virginia,Fredericksburg City,24286,28043
Minnesota,Freeborn,31255,30522
Texas,Freestone,19816,19746
California,Fresno,930450,969488
Texas,Frio,17217,19361
Nebraska,Frontier,2756,2631
Nebraska,Furnas,4959,4831
Florida,Gadsden,46389,46060
Nebraska,Gage,22311,21715
Texas,Gaines,17526,20217
Virginia,Galax City,7042,6800
Ohio,Gallia,30934,30249
Texas,Galveston,291309,320974
Nebraska,Garden,2057,1916
Arkansas,Garland,96024,97814
Kentucky,Garrard,16912,17207
Maryland,Garrett,30097,29426
Oklahoma,Garvin,27576,27920
Texas,Garza,6461,6391
Missouri,Gasconade,15222,14742
North Carolina,Gaston,206086,212919
North Carolina,Gates,12197,11531
Kansas,Geary,34362,36681
Ohio,Geauga,93389,93894
Idaho,Gem,16719,16685
Alabama,Geneva,26790,26631
Missouri,Gentry,6738,6654
Mississippi,George,22578,23378
South Carolina,Georgetown,60158,61456
Arizona,Gila,53597,52978
Florida,Gilchrist,16939,17378
Texas,Gillespie,24837,25916
Oregon,Gilliam,1871,1868
Colorado,Gilpin,5441,5805
Montana,Glacier,13399,13636
Florida,Glades,12884,13099
Michigan,Gladwin,25692,25227
Georgia,Glascock,3082,3020
Texas,Glasscock,1226,1380
California,Glenn,28122,27753
Georgia,Glynn,79626,83311
Michigan,Gogebic,16427,15536
Texas,Goliad,7210,7513
Texas,Gonzales,19807,20510
Virginia,Goochland,21717,22165
Minnesota,Goodhue,46183,46060
Idaho,Gooding,15464,15188
Georgia,Gordon,55186,56324
Wyoming,Goshen,13249,13542
Nebraska,Gosper,2044,2025
Kansas,Gove,2695,2698
New Hampshire,Grafton,89118,89439
Tennessee,Grainger,22657,22848
North Dakota,Grand Forks,66861,70352
Vermont,Grand Isle,6970,6871
Michigan,Grand Traverse,86986,91541
Montana,Granite,3079,3163
North Carolina,Granville,59916,58162
Michigan,Gratiot,42476,41331
Kentucky,Graves,37121,37248
Washington,Grays Harbor,72797,71011
Wisconsin,Green Lake,19051,18698
West Virginia,Greenbrier,35480,35580
Arizona,Greenlee,8437,9577
Virginia,Greensville,12243,11786
Kentucky,Greenup,36910,36006
South Carolina,Greenville,451225,490900
Oklahoma,Greer,6239,6031
Texas,Gregg,121730,123800
South Dakota,Gregory,4271,4192
Mississippi,Grenada,21906,21444
North Dakota,Griggs,2420,2288
Texas,Grimes,26604,27299
Ohio,Guernsey,40087,39392
North Carolina,Guilford,488406,517053
Florida,Gulf,15863,15929
Colorado,Gunnison,15324,16104
Iowa,Guthrie,10954,10649
Georgia,Gwinnett,805321,888494
South Dakota,Haakon,1937,1850
Georgia,Habersham,43041,43792
Alaska,Haines,2508,2516
Tennessee,Hamblen,62544,63353
South Dakota,Hamlin,5903,5976
Massachusetts,Hampden,463490,469113
South Carolina,Hampton,21090,19963
Virginia,Hampton City,137436,136264
South Dakota,Hand,3431,3306
Virginia,Hanover,99863,103071
Texas,Hansford,5613,5654
South Dakota,Hanson,3331,3387
Georgia,Haralson,28780,28702
Florida,Hardee,27731,27177
West Virginia,Hardy,14025,13826
Maryland,Harford,244826,249558
Oklahoma,Harmon,2922,2782
North Carolina,Harnett,114678,128034
Oregon,Harney,7422,7150
Virginia,Harrisonburg City,48914,52675
Connecticut,Hartford,894014,896290
Texas,Hartley,6062,5702
Kansas,Harvey,34684,34802
Tennessee,Hawkins,56833,56370
Nebraska,Hayes,967,915
Texas,Hays,157107,194662
Georgia,Heard,11834,11556
Texas,Hemphill,3807,4277
Arkansas,Hempstead,22609,22085
Indiana,Hendricks,145448,157776
Florida,Hendry,39140,39248
Minnesota,Hennepin,1152425,1222200
Virginia,Henrico,306935,324375
New York,Herkimer,64519,62652
Florida,Hernando,172778,177900
North Carolina,Hertford,24669,24373
North Dakota,Hettinger,2477,2657
Missouri,Hickory,9627,9266
Florida,Highlands,98786,100137
Michigan,Hillsdale,46688,45883
Mississippi,Hinds,245285,244216
Colorado,Hinsdale,843,764
Nebraska,Hitchcock,2908,2879
Ohio,Hocking,29380,28500
Texas,Hockley,22935,23310
Kansas,Hodgeman,1916,1869
North Carolina,Hoke,46952,52739
Hawaii,Honolulu,953207,991064
Texas,Hood,51182,55227
Oregon,Hood River,22346,22927
Nebraska,Hooker,736,714
Alaska,Hoonah-Angoon,2150,2132
Virginia,Hopewell City,22591,22231
South Carolina,Horry,269291,308987
Arkansas,Hot Spring,32923,33497
Wyoming,Hot Springs,4812,4716
Michigan,Houghton,36628,36228
Missouri,Howell,40400,40070
Minnesota,Hubbard,20428,20646
New Jersey,Hudson,634266,664492
Texas,Hudspeth,3476,3541
Colorado,Huerfano,6711,6404
Texas,Hunt,86129,89670
New Jersey,Hunterdon,128349,125452
Pennsylvania,Huntingdon,45913,45499
Indiana,Huntington,37124,36518
Louisiana,Iberia,73240,73747
Louisiana,Iberville,33387,33136
Iowa,Ida,7089,6968
California,Imperial,174528,178937
Arkansas,Independence,36647,37035
Florida,Indian River,138028,147434
Michigan,Ingham,280895,287096
California,Inyo,18546,18108
Michigan,Ionia,63905,64056
Michigan,Iosco,25887,25343
North Carolina,Iredell,159437,169453
Texas,Irion,1599,1543
Illinois,Iroquois,29718,28522
Georgia,Irwin,9538,9135
Michigan,Isabella,70311,70767
Minnesota,Isanti,37816,38281
Washington,Island,78506,80022
Virginia,Isle of Wight,35270,36159
Mississippi,Issaquena,1406,1337
Minnesota,Itasca,45058,45267
Mississippi,Itawamba,23401,23543
Arkansas,Izard,13696,13487
Texas,Jack,9044,8883
Virginia,James City,67009,72819
Indiana,Jay,21253,21137
Georgia,Jenkins,8340,8899
Indiana,Jennings,28525,27834
South Dakota,Jerauld,2071,2018
Idaho,Jerome,22374,22971
Illinois,Jersey,22985,22260
Kentucky,Jessamine,48586,51809
Kansas,Jewell,3077,2963
Texas,Jim Hogg,5300,5296
Texas,Jim Wells,40838,41523
Illinois,Jo Daviess,22678,22066
Oregon,Josephine,82713,84528
Utah,Juab,10246,10551
Montana,Judith Basin,2072,1931
Pennsylvania,Juniata,24636,24445
Michigan,Kalamazoo,250331,259676
Hawaii,Kalawao,90,88
Michigan,Kalkaska,17153,17248
Minnesota,Kanabec,16239,15888
West Virginia,Kanawha,193063,188282
Minnesota,Kandiyohi,42239,42623
Illinois,Kankakee,113449,111750
Texas,Karnes,14824,15413
Hawaii,Kauai,67091,71021
Texas,Kaufman,103350,114055
Oklahoma,Kay,46562,45226
Nebraska,Kearney,6489,6558
Kansas,Kearny,3977,3929
Nebraska,Keith,8368,8136
Mississippi,Kemper,10456,10111
Alaska,Kenai Peninsula,55400,58034
Texas,Kenedy,416,441
Maine,Kennebec,122151,121010
Wisconsin,Kenosha,166426,167910
Kentucky,Kenton,159720,164478
Iowa,Keokuk,10511,10171
California,Kern,839631,876031
Texas,Kerr,49625,50880
South Carolina,Kershaw,61697,63661
Alaska,Ketchikan Gateway,13477,13702
Wisconsin,Kewaunee,20574,20324
Michigan,Keweenaw,2156,2123
Nebraska,Keya Paha,824,797
North Dakota,Kidder,2435,2449
Nebraska,Kimball,3821,3716
Texas,Kimble,4607,4391
Virginia,King and Queen,6945,7085
Virginia,King George,23584,25414
Virginia,King William,15935,16282
Oklahoma,Kingfisher,15034,15588
Kansas,Kingman,7858,7636
South Dakota,Kingsbury,5148,4952
Texas,Kinney,3598,3589
Colorado,Kit Carson,8270,8215
Washington,Kitsap,251133,259232
Washington,Kittitas,40915,43095
Minnesota,Kittson,4552,4409
Oregon,Klamath,66380,65670
Texas,Kleberg,32061,31413
Washington,Klickitat,20318,21005
Kentucky,Knott,16346,15680
Alaska,Kodiak Island,13592,13767
Minnesota,Koochiching,13311,12797
Idaho,Kootenai,138494,149367
Indiana,Kosciusko,77358,78547
Iowa,Kossuth,15543,15158
Alaska,Kusilvak,7459,8194
Wisconsin,La Crosse,114638,117699
Arizona,La Paz,20489,20466
Colorado,La Plata,51334,54687
Texas,La Salle,6886,7637
Kansas,Labette,21607,20628
Minnesota,Lac qui Parle,7259,6877
Pennsylvania,Lackawanna,214437,211863
Missouri,Laclede,35571,35469
Louisiana,Lafourche,96318,98314
Indiana,LaGrange,37128,38616
Alaska,Lake and Peninsula,1631,1595
Minnesota,Lake of the Woods,4045,3868
Texas,Lamb,13977,13259
Vermont,Lamoille,24475,25240
North Dakota,LaMoure,4139,4136
Texas,Lampasas,19677,20362
Nevada,Lander,5775,5873
Wisconsin,Langlade,19977,19048
Georgia,Lanier,10078,10269
Michigan,Lapeer,88319,88368
Indiana,LaPorte,111467,110835
Wyoming,Laramie,91738,96969
Colorado,Larimer,299630,333303
Kentucky,Larue,14193,14110
Colorado,Las Animas,15507,14043
California,Lassen,34895,31256
Idaho,Latah,37244,38796
Oklahoma,Latimer,11154,10624
Kentucky,Laurel,58849,59919
Texas,Lavaca,19263,19919
Oklahoma,Le Flore,50384,50018
Minnesota,Le Sueur,27703,27755
New Mexico,Lea,64727,71476
Mississippi,Leake,23805,22777
Kansas,Leavenworth,76227,79119
Pennsylvania,Lebanon,133568,137479
Michigan,Leelanau,21708,21633
Mississippi,Leflore,32317,30241
Pennsylvania,Lehigh,349497,359710
Idaho,Lemhi,7936,7737
Michigan,Lenawee,99892,98391
North Carolina,Lenoir,59495,57981
Kentucky,Leslie,11310,10644
Kentucky,Letcher,24519,23049
Florida,Levy,40801,39601
Montana,Lewis and Clark,63395,66225
South Carolina,Lexington,262391,281675
Virginia,Lexington City,7042,7162
Ohio,Licking,166492,170611
Texas,Lipscomb,3302,3559
Connecticut,Litchfield,189927,184122
Arkansas,Little River,13171,12402
Texas,Live Oak,11531,12173
Texas,Llano,19301,20081
Georgia,Long,14464,17658
Arkansas,Lonoke,68356,71359
Ohio,Lorain,301356,305417
New Mexico,Los Alamos,17950,17817
California,Los Angeles,9818605,10085416
Tennessee,Loudon,48556,50916
Virginia,Loudoun,312311,374014
Nebraska,Loup,632,606
Oklahoma,Love,9423,9815
Texas,Loving,82,119
Texas,Lubbock,278831,298337
Michigan,Luce,6631,6430
Georgia,Lumpkin,29966,31285
New Mexico,Luna,25095,24367
Virginia,Lunenburg,12914,12348
Pennsylvania,Luzerne,320918,318059
Pennsylvania,Lycoming,116111,115598
South Dakota,Lyman,3755,3881
Virginia,Lynchburg City,75568,79134
Texas,Lynn,5915,5746
Michigan,Mackinac,11113,10821
Michigan,Macomb,840978,864960
Illinois,Macoupin,47765,45876
California,Madera,150865,153576
Kentucky,Magoffin,13333,12784
Iowa,Mahaska,22381,22312
Minnesota,Mahnomen,5413,5432
Ohio,Mahoning,238823,231846
Oklahoma,Major,7527,7771
Oregon,Malheur,31313,30211
Virginia,Manassas City,37821,41409
Virginia,Manassas Park,14273,16129
Florida,Manatee,322833,362548
Michigan,Manistee,24733,24457
Wisconsin,Manitowoc,81442,79483
Wisconsin,Marathon,134063,135314
Alabama,Marengo,21027,19766
Arizona,Maricopa,3817117,4172905
Missouri,Maries,9176,8936
California,Marin,252409,260916
Wisconsin,Marinette,41749,40649
California,Mariposa,18251,17622
South Carolina,Marlboro,28933,27585
Virginia,Martinsville City,13821,13259
Illinois,Massac,15429,14567
Texas,Matagorda,36702,36766
Alaska,Matanuska-Susitna,88995,101062
Virginia,Mathews,8978,8834
Hawaii,Maui,154834,163904
Tennessee,Maury,80956,87425
Texas,Maverick,54258,57720
Oklahoma,Mayes,41259,40889
Oklahoma,McClain,34506,37973
Montana,McCone,1734,1700
South Dakota,McCook,5618,5483
South Carolina,McCormick,10233,9656
Kentucky,McCracken,65565,64948
Kentucky,McCreary,18306,17883
Texas,McCulloch,8283,8255
Oklahoma,McCurtain,33151,33173
Missouri,McDonald,23083,22683
Illinois,McDonough,32612,31449
Georgia,McDuffie,21875,21462
Pennsylvania,McKean,43450,42400
North Dakota,McKenzie,6360,12794
New Mexico,McKinley,71492,73462
Texas,McLennan,234906,245444
Minnesota,McLeod,36651,35814
Tennessee,McMinn,52266,52502
Texas,McMullen,707,828
Tennessee,McNairy,26075,25864
Montana,Meagher,1891,1821
Michigan,Mecosta,42798,43005
Minnesota,Meeker,23300,23045
South Dakota,Mellette,2048,2025
California,Mendocino,87841,87107
Kentucky,Menifee,6306,6373
California,Merced,255793,266353
Georgia,Meriwether,21992,21173
Nebraska,Merrick,7845,7805
New Hampshire,Merrimack,146445,148649
Colorado,Mesa,146723,148025
Kentucky,Metcalfe,10099,9925
Florida,Miami-Dade,2496435,2659839
Pennsylvania,Mifflin,46682,46427
Texas,Milam,24757,24362
Utah,Millard,12503,12620
Minnesota,Mille Lacs,26097,25494
Wisconsin,Milwaukee,947735,958421
South Dakota,Miner,2389,2207
West Virginia,Mingo,26839,25317
Idaho,Minidoka,20069,20430
South Dakota,Minnehaha,169468,183439
Michigan,Missaukee,14849,14882
Montana,Missoula,109299,114122
Alabama,Mobile,412992,414462
California,Modoc,9686,9056
Colorado,Moffat,13795,12939
Arizona,Mohave,200186,204574
Missouri,Moniteau,15607,15873
New Jersey,Monmouth,630380,624079
California,Mono,14202,14077
Iowa,Monona,9243,8866
West Virginia,Monongalia,96189,104681
Texas,Montague,19719,19252
Michigan,Montcalm,63342,62763
California,Monterey,415057,430552
Colorado,Montezuma,25535,25716
Michigan,Montmorency,9765,9287
Pennsylvania,Montour,18267,18299
Colorado,Montrose,41276,40562
South Dakota,Moody,6486,6453
New Mexico,Mora,4881,4609
Louisiana,Morehouse,27979,26301
Nebraska,Morrill,5042,4925
Minnesota,Morrison,33198,32775
Texas,Motley,1210,1146
Illinois,Moultrie,14846,14743
North Dakota,Mountrail,7673,10311
Minnesota,Mower,39163,39492
Kentucky,Muhlenberg,31499,31245
Oregon,Multnomah,735334,790008
Iowa,Muscatine,42745,43068
Georgia,Muscogee,189885,198702
Michigan,Muskegon,172188,172447
Ohio,Muskingum,86074,86194
Oklahoma,Muskogee,70990,69319
Montana,Musselshell,4538,4628
Texas,Nacogdoches,64524,65462
Nebraska,Nance,3735,3573
Massachusetts,Nantucket,10172,10940
California,Napa,136484,140862
North Carolina,Nash,95840,93786
Louisiana,Natchitoches,39566,39004
Wyoming,Natrona,75450,82137
Arizona,Navajo,107449,107638
Texas,Navarro,47735,48181
Kansas,Neosho,16512,16287
Mississippi,Neshoba,29676,29481
Kansas,Ness,3107,3020
Delaware,New Castle,538479,553488
North Carolina,New Hanover,202667,219422
Connecticut,New Haven,862477,860186
Virginia,New Kent,18429,20377
Connecticut,New London,274055,269636
Missouri,New Madrid,18956,18067
New York,New York,1585873,1636063
Michigan,Newaygo,48460,47882
South Carolina,Newberry,37508,37772
Rhode Island,Newport,82888,83259
Virginia,Newport News,180719,180958
Idaho,Nez Perce,39265,39995
New York,Niagara,216469,212358
Minnesota,Nicollet,32727,33526
Wyoming,Niobrara,2484,2496
Minnesota,Nobles,21378,21748
Missouri,Nodaway,23370,22625
Texas,Nolan,15216,15111
Alaska,Nome,9492,9893
Massachusetts,Norfolk,670850,694502
Virginia,Norfolk City,242803,246457
Minnesota,Norman,6852,6621
Alaska,North Slope,9430,9788
Alaska,Northwest Arctic,7523,7772
Kansas,Norton,5671,5536
Virginia,Norton City,3958,4009
Virginia,Nottoway,15853,15606
Oklahoma,Nowata,10536,10519
Mississippi,Noxubee,11545,10942
Nebraska,Nuckolls,4500,4322
Texas,Nueces,340223,360504
Nevada,Nye,43946,42966
Iowa,O'Brien,14398,13926
Michigan,Oakland,1202362,1244602
Tennessee,Obion,31807,30561
New Jersey,Ocean,576567,587091
Michigan,Oceana,26570,26323
Texas,Ochiltree,10223,10698
Wisconsin,Oconto,37660,37472
Michigan,Ogemaw,21699,20877
South Dakota,Oglala Lakota,13586,14358
Illinois,Ogle,53497,51559
Georgia,Oglethorpe,14899,14732
Florida,Okaloosa,180822,197748
Washington,Okanogan,41120,41356
Florida,Okeechobee,39996,39854
Oklahoma,Okfuskee,12191,12107
Oklahoma,Okmulgee,40069,39065
Mississippi,Oktibbeha,47671,49510
North Dakota,Oliver,1846,1865
Minnesota,Olmsted,144248,151397
New York,Onondaga,467026,466277
North Carolina,Onslow,177772,193114
New York,Ontario,107931,109271
Michigan,Ontonagon,6780,6037
South Carolina,Orangeburg,92501,89159
Kansas,Osborne,3858,3641
Michigan,Oscoda,8640,8277
New York,Oswego,122109,119735
Nebraska,Otoe,15740,15842
Minnesota,Otter Tail,57303,57520
Colorado,Ouray,4436,4608
Wisconsin,Outagamie,176695,183328
Tennessee,Overton,22083,22067
Kentucky,Owsley,4755,4445
Idaho,Owyhee,11526,11288
Maine,Oxford,57833,57164
Missouri,Ozark,9723,9364
Wisconsin,Ozaukee,86395,87932
Washington,Pacific,20920,20869
Florida,Palm Beach,1320134,1424256
Iowa,Palo Alto,9421,9140
Texas,Palo Pinto,28111,27966
North Carolina,Pamlico,13144,12741
Indiana,Parke,17339,16970
Texas,Parker,116927,125640
Texas,Parmer,10269,9794
Florida,Pasco,464697,494895
North Carolina,Pasquotank,40661,39384
New Jersey,Passaic,501226,504629
Virginia,Patrick,18490,17960
Idaho,Payette,22623,22790
Oklahoma,Payne,77350,81363
Georgia,Peach,27695,26970
Mississippi,Pearl River,55834,54944
Texas,Pecos,15507,16030
North Dakota,Pembina,7413,7031
Missouri,Pemiscot,18296,17410
Washington,Pend Oreille,13001,13087
North Carolina,Pender,52217,57426
Maine,Penobscot,153923,151929
Illinois,Peoria,186494,186481
Wisconsin,Pepin,7469,7237
North Carolina,Perquimans,13453,13463
Nevada,Pershing,6753,6618
North Carolina,Person,39464,39190
Alaska,Petersburg,3815,3253
Virginia,Petersburg City,32420,31892
Montana,Petroleum,494,474
Missouri,Pettis,42201,42300
Pennsylvania,Philadelphia,1526006,1571065
Illinois,Piatt,16729,16350
Ohio,Pickaway,55698,56989
Tennessee,Pickett,5077,5139
Arizona,Pima,980263,1009103
Arizona,Pinal,375770,405614
Minnesota,Pine,29750,29045
Florida,Pinellas,916542,947060
Minnesota,Pipestone,9596,9295
Maine,Piscataquis,17535,16937
Colorado,Pitkin,17148,17940
North Carolina,Pitt,168148,176071
Oklahoma,Pittsburg,45837,44716
Virginia,Pittsylvania,63506,62010
Utah,Piute,1556,1491
California,Placer,348432,372841
Louisiana,Plaquemines,23042,23437
West Virginia,Pleasants,7605,7499
California,Plumas,20007,18427
Arkansas,Poinsett,24583,24002
Louisiana,Pointe Coupee,22802,22197
Montana,Pondera,6153,6095
Virginia,Poquoson City,12150,12021
Indiana,Porter,164343,167334
Virginia,Portsmouth City,95535,96336
Indiana,Posey,25910,25613
Iowa,Pottawattamie,93158,93563
Montana,Powder River,1743,1768
Idaho,Power,7817,7687
Iowa,Poweshiek,18914,18358
Virginia,Powhatan,28046,28056
Kansas,Pratt,9656,9697
Ohio,Preble,42270,41297
Mississippi,Prentiss,25276,25440
Texas,Presidio,7818,7057
Michigan,Presque Isle,13376,12801
West Virginia,Preston,33520,33842
Wisconsin,Price,14159,13578
Virginia,Prince Edward,23368,23120
Virginia,Prince George,35725,38246
Maryland,Prince George's,863420,906197
Alaska,Prince of Wales-Hyder,5559,6508
Virginia,Prince William,402002,450978
Rhode Island,Providence,626667,633747
Colorado,Prowers,12551,11936
Colorado,Pueblo,159063,163006
Oklahoma,Pushmataha,11572,11162
New Mexico,Quay,9041,8445
Maryland,Queen Anne's,47798,48984
New York,Queens,2230722,2305838
Georgia,Rabun,16276,16223
Wisconsin,Racine,195408,194672
Virginia,Radford City,16408,17295
Texas,Rains,10914,11136
West Virginia,Raleigh,78859,77363
Missouri,Ralls,10167,10169
Texas,Randall,120725,130368
Mississippi,Rankin,141617,149447
North Dakota,Ransom,5457,5451
Louisiana,Rapides,131613,131780
Virginia,Rappahannock,7373,7400
Montana,Ravalli,40212,41148
Kansas,Rawlins,2519,2506
Missouri,Ray,23494,22793
Texas,Reagan,3367,3807
Texas,Real,3309,3297
Minnesota,Red Lake,4089,4031
Nebraska,Red Willow,11055,10883
Minnesota,Redwood,16059,15425
Texas,Reeves,13783,15574
Texas,Refugio,7383,7326
Kansas,Reno,64511,63596
New York,Rensselaer,159429,159436
Kansas,Republic,4980,4688
Missouri,Reynolds,6696,6292
Tennessee,Rhea,31809,32373
Utah,Rich,2264,2300
Nebraska,Richardson,8363,8025
Virginia,Richmond City,204214,220856
Kansas,Riley,71115,77185
Iowa,Ringgold,5131,4977
New Mexico,Rio Arriba,40246,39370
Colorado,Rio Blanco,6666,6478
Colorado,Rio Grande,11982,11352
West Virginia,Ritchie,10449,10084
California,Riverside,2189641,2345816
Virginia,Roanoke,92376,93376
Virginia,Roanoke City,97032,99669
North Carolina,Robeson,134168,134460
Illinois,Rock Island,147546,146094
Virginia,Rockbridge,22307,22396
Kentucky,Rockcastle,17056,16932
Georgia,Rockdale,85215,88354
New York,Rockland,311687,322919
Texas,Rockwall,78337,90170
Oklahoma,Roger Mills,3647,3773
Oklahoma,Rogers,86905,90080
North Dakota,Rolette,13937,14698
Kansas,Rooks,5181,5179
Michigan,Roscommon,24449,23912
Minnesota,Roseau,15629,15621
Montana,Rosebud,9233,9347
Ohio,Ross,78064,77049
Colorado,Routt,23509,24360
Texas,Runnels,10501,10387
Vermont,Rutland,61642,59544
Iowa,Sac,10350,9966
California,Sacramento,1418788,1493674
Maine,Sagadahoc,35293,35120
Michigan,Saginaw,200169,193305
Colorado,Saguache,6108,6253
New Jersey,Salem,66083,63732
Virginia,Salem City,24802,25364
Utah,Salt Lake,1029655,1102273
South Carolina,Saluda,19875,20159
North Carolina,Sampson,63431,63559
Texas,San Augustine,8865,8349
California,San Benito,55269,58216
California,San Bernardino,2035210,2115411
California,San Diego,3095313,3280850
California,San Francisco,805235,863010
Texas,San Jacinto,26384,27361
California,San Joaquin,685306,722271
California,San Luis Obispo,269637,280077
California,San Mateo,718451,765055
Texas,San Patricio,64804,67117
Texas,San Saba,6131,5922
South Dakota,Sanborn,2355,2348
Montana,Sanders,11413,11293
New Mexico,Sandoval,131561,138521
Ohio,Sandusky,60944,59475
Illinois,Sangamon,197465,198898
Michigan,Sanilac,43114,41464
Utah,Sanpete,27822,28654
California,Santa Barbara,423895,442229
California,Santa Clara,1781642,1916285
New Mexico,Santa Fe,144170,148098
Florida,Santa Rosa,151372,166226
Florida,Sarasota,379448,404761
New York,Saratoga,219607,226078
North Dakota,Sargent,3829,3866
Nebraska,Sarpy,158840,175173
Wisconsin,Sauk,61976,63271
Nebraska,Saunders,20780,20949
Wisconsin,Sawyer,16557,16288
New York,Schenectady,154727,154733
Texas,Schleicher,3461,3195
Georgia,Schley,5010,5209
New York,Schoharie,32749,31405
Michigan,Schoolcraft,8485,8121
Pennsylvania,Schuylkill,148289,144117
Ohio,Scioto,79499,76992
Nebraska,Scotts Bluff,36970,36245
Georgia,Screven,14593,14059
Texas,Scurry,16921,17570
Arkansas,Searcy,8195,7835
Arkansas,Sebastian,125744,127385
Tennessee,Sequatchie,14112,14641
Oklahoma,Sequoyah,42391,41782
Texas,Shackelford,3378,3333
Missouri,Shannon,8441,8273
Mississippi,Sharkey,4916,4563
Arkansas,Sharp,17264,16808
California,Shasta,177223,178314
Wisconsin,Shawano,41949,41051
Kansas,Shawnee,177934,178689
Wisconsin,Sheboygan,115507,115196
Virginia,Shenandoah,41993,42848
Minnesota,Sherburne,88499,91415
Michigan,Shiawassee,70648,68505
Idaho,Shoshone,12765,12440
Minnesota,Sibley,15226,14889
Montana,Silver Bow,34200,34691
California,Siskiyou,44900,43254
Alaska,Sitka,8881,8778
Washington,Skagit,116901,121559
Alaska,Skagway Municipality,968,1088
Washington,Skamania,11066,11375
North Dakota,Slope,727,781
Virginia,Smyth,32208,31419
Washington,Snohomish,713335,769698
Pennsylvania,Snyder,39702,40509
New Mexico,Socorro,17866,17152
California,Solano,413344,433409
Texas,Somervell,8490,8618
California,Sonoma,483878,500863
Virginia,Southampton,18570,18136
Alaska,Southeast Fairbanks,7029,6812
Georgia,Spalding,64073,63818
South Carolina,Spartanburg,284307,296558
South Dakota,Spink,6415,6554
Washington,Spokane,471221,488610
Virginia,Spotsylvania,122397,129948
Louisiana,St Bernard,35897,45421
Wisconsin,St Croix,84345,87129
Arkansas,St Francis,28258,26651
Missouri,St Francois,65359,66232
Louisiana,St Helena,11203,10457
Louisiana,St James,22102,21481
Louisiana,St John the Baptist,45924,43523
Florida,St Johns,190039,226362
Louisiana,St Landry,83384,83649
New York,St Lawrence,111944,110348
Florida,St Lucie,277789,297282
Louisiana,St Martin,52160,53831
Louisiana,St Mary,54650,52876
Maryland,St Mary's,105151,110985
Louisiana,St Tammany,233740,248930
California,Stanislaus,514453,533211
South Dakota,Stanley,2966,2974
North Carolina,Stanly,60585,60622
Indiana,Starke,23363,22860
Texas,Starr,60968,63484
Virginia,Staunton City,23746,24185
Missouri,Ste Genevieve,18145,17804
Minnesota,Stearns,150642,156003
Illinois,Stephenson,47711,45668
Texas,Sterling,1143,1333
Montana,Stillwater,9117,9425
Missouri,Stoddard,29968,29736
North Carolina,Stokes,47401,46159
Texas,Stonewall,1490,1398
Nevada,Storey,4010,3876
Iowa,Story,89542,96636
New Hampshire,Strafford,123143,127038
North Dakota,Stutsman,21100,21047
Wyoming,Sublette,10247,10044
Virginia,Suffolk City,84585,88079
South Dakota,Sully,1373,1401
West Virginia,Summers,13927,13137
Mississippi,Sunflower,29450,26877
Pennsylvania,Susquehanna,43356,41775
California,Sutter,94737,95282
Texas,Sutton,4128,3915
Florida,Suwannee,41551,43677
North Carolina,Swain,13981,14326
Montana,Sweet Grass,3651,3620
Wyoming,Sweetwater,43806,44719
Minnesota,Swift,9783,9376
Texas,Swisher,7854,7477
Indiana,Switzerland,10613,10614
Georgia,Taliaferro,1717,1642
Alabama,Talladega,82291,81128
Mississippi,Tallahatchie,15378,14582
Alabama,Tallapoosa,41616,40605
Iowa,Tama,17767,17217
Missouri,Taney,51675,54216
Louisiana,Tangipahoa,121097,128716
New Mexico,Taos,32937,32797
Texas,Tarrant,1809034,1984880
Mississippi,Tate,28886,28465
Georgia,Tattnall,25520,25387
California,Tehama,63463,63158
Georgia,Telfair,16500,16451
Colorado,Teller,23350,23388
Louisiana,Tensas,5252,4772
Louisiana,Terrebonne,111860,113817
Texas,Terry,12651,12759
Nebraska,Thayer,5228,5129
Texas,Throckmorton,1641,1559
Georgia,Tift,40118,40536
Oregon,Tillamook,25250,25561
Oklahoma,Tillman,7992,7567
Mississippi,Tippah,22232,22018
Indiana,Tippecanoe,172780,186723
Mississippi,Tishomingo,19593,19481
Texas,Titus,32334,32626
Connecticut,Tolland,152691,151734
Texas,Tom Green,110224,117514
New York,Tompkins,101564,103006
Utah,Tooele,58218,62639
Montana,Toole,5324,5077
Georgia,Toombs,27223,27150
New Mexico,Torrance,16383,15596
North Dakota,Towner,2246,2251
Georgia,Towns,10471,11212
North Dakota,Traill,8121,7987
North Carolina,Transylvania,33090,33157
Minnesota,Traverse,3558,3373
Texas,Travis,1024266,1179805
Montana,Treasure,718,684
Kansas,Trego,3001,2907
Wisconsin,Trempealeau,28816,29441
Georgia,Treutlen,6885,6803
Kentucky,Trigg,14339,14218
Kentucky,Trimble,8809,8733
South Dakota,Tripp,5644,5422
Georgia,Troup,67044,69595
Tennessee,Trousdale,7870,8051
Ohio,Trumbull,210312,203328
West Virginia,Tucker,7141,7089
California,Tulare,442179,457161
Oklahoma,Tulsa,603403,640470
Mississippi,Tunica,10778,10264
California,Tuolumne,55365,53615
Alabama,Tuscaloosa,194656,204767
Ohio,Tuscarawas,92582,92739
Michigan,Tuscola,55729,53726
Georgia,Twiggs,9023,8347
Idaho,Twin Falls,77230,82245
North Carolina,Tyrrell,4407,4139
Wyoming,Uinta,21118,20763
Utah,Uintah,32588,37791
New York,Ulster,182493,179658
Oregon,Umatilla,75889,76467
Tennessee,Unicoi,18313,17819
Georgia,Upson,27153,26231
Texas,Upton,3355,3652
Texas,Uvalde,26405,26949
Texas,Val Verde,48879,48891
Alaska,Valdez-Cordova,9636,9319
New Mexico,Valencia,76569,75661
Ohio,Van Wert,28744,28319
Texas,Van Zandt,52579,53430
North Carolina,Vance,45422,44459
Indiana,Vanderburgh,179703,181504
Pennsylvania,Venango,54984,52954
California,Ventura,823318,845802
Indiana,Vermillion,16212,15593
Texas,Victoria,86793,92136
Indiana,Vigo,107848,107533
Wisconsin,Vilas,21430,21447
Ohio,Vinton,13435,13082
Virginia,Virginia Beach,437994,450304
Florida,Volusia,494593,516730
Minnesota,Wabasha,21676,21387
Kansas,Wabaunsee,7053,6887
Minnesota,Wadena,13843,13667
Oklahoma,Wagoner,73085,76733
Washington,Wahkiakum,3978,4023
North Carolina,Wake,900993,1022319
Florida,Wakulla,30776,31523
Maine,Waldo,38786,39120
Washington,Walla Walla,58781,59932
Kansas,Wallace,1485,1505
Texas,Waller,43205,48641
Oregon,Wallowa,7008,6813
North Dakota,Walsh,11119,10852
Mississippi,Walthall,15443,14601
Iowa,Wapello,35625,35456
Georgia,Ware,36312,35327
Indiana,Warrick,59689,61522
Utah,Wasatch,23530,29118
Oregon,Wasco,25213,25457
Minnesota,Waseca,19136,18926
Wyoming,Washakie,8533,8278
Wisconsin,Washburn,15911,15522
Oklahoma,Washita,11629,11687
Nevada,Washoe,421407,442453
Michigan,Washtenaw,344791,362975
North Carolina,Watauga,51079,53093
Minnesota,Watonwan,11211,11018
Wisconsin,Waukesha,389891,396237
Wisconsin,Waupaca,52410,51680
Wisconsin,Waushara,24496,23959
Virginia,Waynesboro City,21006,21542
Tennessee,Weakley,35021,33872
Texas,Webb,250304,269865
Utah,Weber,231236,242872
Colorado,Weld,252825,285819
Louisiana,West Baton Rouge,23788,25554
Louisiana,West Carroll,11604,11287
Louisiana,West Feliciana,15625,15383
New York,Westchester,949113,968773
Wyoming,Weston,7208,7208
West Virginia,Wetzel,16583,15777
Michigan,Wexford,32735,32889
Texas,Wharton,41280,41383
Washington,Whatcom,201140,211836
Montana,Wheatland,2168,2111
Nevada,White Pine,10030,9873
Illinois,Whiteside,58498,56919
Georgia,Whitfield,102599,103669
Washington,Whitman,44776,48164
Montana,Wibaux,1017,1072
Maryland,Wicomico,98733,101747
Texas,Wilbarger,13535,13055
Minnesota,Wilkin,6576,6357
Illinois,Will,677560,685877
Texas,Willacy,22134,21863
South Carolina,Williamsburg,34423,32519
Virginia,Williamsburg City,14068,14800
Virginia,Winchester City,26203,27480
Vermont,Windsor,56670,55541
Texas,Winkler,7110,8027
Louisiana,Winn,15313,14642
Iowa,Winneshiek,21056,20745
Minnesota,Winona,51461,50827
West Virginia,Wirt,5717,5804
Kentucky,Wolfe,7355,7241
Iowa,Woodbury,102172,102492
Arkansas,Woodruff,7260,6706
Oklahoma,Woods,8878,9303
Kansas,Woodson,3309,3144
Oklahoma,Woodward,20081,21608
Alaska,Wrangell,2369,2453
Ohio,Wyandot,22615,22176
Kansas,Wyandotte,157505,163682
Virginia,Wythe,29235,29097
North Carolina,Yadkin,38406,37619
Washington,Yakima,243231,247800
Alaska,Yakutat,662,635
Mississippi,Yalobusha,12678,12458
Oregon,Yamhill,99193,101381
North Carolina,Yancey,17818,17550
South Dakota,Yankton,22438,22682
New York,Yates,25348,25128
Arizona,Yavapai,211033,220805
Mississippi,Yazoo,28065,27411
Arkansas,Yell,22185,21506
Minnesota,Yellow Medicine,10438,9837
Montana,Yellowstone,147972,156529
Texas,Yoakum,7879,8644
California,Yolo,200849,212037
Texas,Young,18550,18163
California,Yuba,72155,74045
Alaska,Yukon-Koyukuk,5588,5465
Texas,Zapata,14018,14493
Texas,Zavala,11677,12310
South Dakota,Ziebach,2801,2837